headline,body,time,source,url
India’s top court orders SBI to disclose electoral bonds details by Tuesday,Court asks state-run bank to publish details of previously anonymous political donations before upcoming national polls.,03-11 16:34,AlJazeera,https://www.aljazeera.com//news/2024/3/11/indias-top-court-orders-sbi-to-disclose-electoral-bonds-details-by-tuesday
率團出訪菲律賓 美國商務部長：美企業擬宣布逾10億美元在菲投資,路透11日報導，美國商務部長雷蒙多代表總統拜登率團出訪菲律賓馬尼拉2天，聚焦貿易和投資事宜。雷蒙多在出訪期間說，美國企業...,03-11 16:33,UDN,https://udn.com/news/story/6811/7823488?from=udn-ch1_breaknews-1-cate5-news
帶妝運動成趨勢 研究籲運動時別化妝：恐增痘痘風險、皮膚更乾燥,運動化妝要用對方法，才能讓皮膚無負擔。南韓研究指出，運動時若臉上塗上粉底霜，恐怕會堵塞毛孔而更容易產生痘痘，但睫毛膏、口紅等化妝品影響較小…,03-11 16:31,UDN,https://udn.com/news/story/6812/7823410?from=udn-ch1_breaknews-1-cate5-news
以巴戰爭｜內塔尼亞胡：以色列攻勢必會擴至加沙拉法市,以色列總理內塔尼亞胡（Benjamin Netanyahu）3月10日表示，自以色列與巴勒斯坦極端組織哈馬斯（Hamas）爆發新一輪衝突以來，至少1.3萬名「恐怖分子,03-11 16:30:55,HK01,https://www.hk01.com/即時國際/999242/以巴戰爭-內塔尼亞胡-以色列攻勢必會擴至加沙拉法市
籲烏克蘭「勇敢舉起白旗」…教宗言論遭群起撻伐 歐洲議會議員怒批可恥,教宗方濟各發表俄烏戰事看法招致批評。方濟各日前針對俄烏戰爭發表看法，他呼籲烏克蘭政府應該有勇氣「進行談判」讓戰爭劃下句點，並使用「舉白旗」一詞…,03-11 16:23,UDN,https://udn.com/news/story/122663/7823407?from=udn-ch1_breaknews-1-cate5-news
Pakistanis feed predatory birds despite crackdown on  practice,"Shabnam, a young woman in the eastern Pakistani city of Lahore, sells small packets of scrap meat to passersby to feed predatory birds, despite a recent crackdown on the practice which many people do as an offering to ward off adversity.",03-11 16:18,Reuters,https://www.reuters.com/world/asia-pacific/pakistanis-feed-predatory-birds-despite-crackdown-practice-2024-03-11/
養殖鮭魚呈大規模死亡 調查指「海洋暖化是潛因」,世界各地養殖鮭魚，大規模死亡現象呈上升趨勢！一項全球研究調查指出，鮭魚養殖產業近年來迅速擴張，卻也對魚類帶來更大風險，即使確切原因仍在調查中…,03-11 16:10,UDN,https://udn.com/news/story/6812/7823404?from=udn-ch1_breaknews-1-cate5-news
"Dutch election winner Wilders meets Israeli president, pledges full support",Dutch far-right leader Geert Wilders on Monday said on social media platform X that he had met with Israeli President Isaac Herzog and pledged his full support to Israel in its fight against terror.,03-11 16:07,Reuters,https://www.reuters.com/world/middle-east/dutch-election-winner-wilders-meets-israeli-president-pledges-full-support-2024-03-11/
外交部介绍李辉特代访欧进展：各方对中方斡旋努力表示赞赏,3月11日，外交部发言人汪文斌主持例行记者会。,03-11 16:05:39,环球网,https://world.huanqiu.com/article/4GvtlVZfRSZ
印尼宗教部宣布齋戒月12日開始,,03-11 16:05,中央社,https://www.cna.com.tw/news/aopl/202403110198.aspx
UK pledges additional funds to protect Muslim communities,The announcement comes amid a sharp rise in anti-Muslim incidents since the start of the war in Gaza in October.,03-11 16:04,AlJazeera,https://www.aljazeera.com//news/2024/3/11/uk-government-to-pump-new-cash-into-protecting-muslim-communities
奥斯卡一幕：主持人当场宣读特朗普吐槽帖文，反呛“你的监狱时光还没有过去吗？”,据美国《国会山报》报道，当地时间3月10日，奥斯卡颁奖典礼主持人吉米·基梅尔在节目现场读了前总统特朗普对他和颁奖典礼的吐槽，并回呛特朗普“你的监狱时光还没有过去吗,03-11 16:01:28,环球网,https://world.huanqiu.com/article/4Gvtc8xVq9V
外交部：敦促美英澳三国停止对地区和平稳定制造更大麻烦,外交部：敦促美英澳三国停止对地区和平稳定制造更大麻烦,03-11 16:00:12,环球网,https://world.huanqiu.com/article/4GvtZSEygfp
报告：中国成为全球十大武器出口国,,03-11 16:00,俄罗斯卫星通讯社,https://sputniknews.cn/20240311/1057589659.html
中方是否同样呼吁乌克兰停止战斗，与俄罗斯谈判？外交部回应,3月11日，外交部发言人汪文斌主持例行记者会。,03-11 15:59:15,环球网,https://world.huanqiu.com/article/4GvtXKEVbW5
外交部：有关国家在南海开发资源不得拉拢域外国家插手介入,外交部：有关国家在南海开发资源不得拉拢域外国家插手介入,03-11 15:59:11,环球网,https://world.huanqiu.com/article/4GvtXBJGHHE
外交部：热烈祝贺扎尔达里就任巴基斯坦总统，高度重视中巴关系发展,3月11日，外交部发言人汪文斌主持例行记者会。,03-11 15:58:55,环球网,https://world.huanqiu.com/article/4GvtWXMY3YO
"Russian missile attack destroys large silo in Ukraine, owner says","A large grain silo was completely destroyed in a Russian missile attack on the eastern Ukrainian Dnipro region this weekend and injured one person, the facility's owner Ukrlandfarming (UPLC.UL) said late on Sunday.",03-11 15:49,Reuters,https://www.reuters.com/world/europe/russian-missile-attack-destroys-large-silo-ukraine-owner-says-2024-03-11/
Carey and Marsh lead Australia to 2-0 Test series win over New Zealand,Carey shared 140-run partnership with Marsh as Australia won the second Test by three wickets in a tense finish.,03-11 15:46,AlJazeera,https://www.aljazeera.com//sports/2024/3/11/new-zealand-vs-australia-test-series-christchurch-alex-carey-win
李輝訪問烏克蘭 新加坡專家指出此行重點,中國政府歐亞事務特別代表李輝上週抵達基輔訪問，僅短暫停留半天，比他10個月前訪問烏克蘭兩天時間大幅縮短，此行也未獲烏克蘭總統澤連斯基（Volod,03-11 15:33:22,HK01,https://www.hk01.com/即時國際/999236/李輝訪問烏克蘭-新加坡專家指出此行重點
回家的幸福：東日本大震災後，重返福島的人生故事,「12年」能做什麼？12年能讓當年剛出生的嬰兒從小學畢業、從當年就在同一家公司的職員成為資深員工，台灣正式加入世界貿易組織（WTO）正好也花了12年時間，但對日本福島縣的某些人而言，花了12年，他們只想做到一件事──回家。,03-11 15:26,UDN,https://udn.com/news/story/6812/7823337?from=udn-ch1_breaknews-1-cate5-news
教宗喊話烏「舉白旗」掀議！俄外交部：叫西方承認選錯邊、放棄打敗俄國,路透報導，羅馬天主教教宗方濟各日前喊話烏克蘭要有勇氣「舉白旗」惹議，烏克蘭總統澤倫斯基回應將奮戰到底，而俄羅斯外交部最新...,03-11 15:26,UDN,https://udn.com/news/story/122663/7823338?from=udn-ch1_breaknews-1-cate5-news
影／打造新型無人機 德國團隊送醫療物資到偏鄉,生活在偏遠地區的民眾經常無法取得藥品。德國團隊Wingcopter打造的無人機或許可以提供解決辦法。但這台無人機的開發之路並不順遂。,03-11 15:25,UDN,https://udn.com/news/story/6812/7823288?from=udn-ch1_breaknews-1-cate5-news
國外飯店獨缺420號房？ 真實原因竟與「這植物」有關,自疫情解封之後，不少民眾都迫不及待安排出國旅遊。不過，有旅客發現國外不少飯店的房間有419號及421號，卻唯獨缺少「420」號房，不免讓人感到匪夷所思。,03-11 15:23,UDN,https://udn.com/news/story/6812/7822997?from=udn-ch1_breaknews-1-cate5-news
土耳其防长：希望美国返还土方为采购F-35支付的款项,,03-11 15:23,俄罗斯卫星通讯社,https://sputniknews.cn/20240311/1057588887.html
日本北海道1天2雪崩遊客遭殃 新西蘭男女心肺停止 法籍男腿受傷,日本北海道羊蹄山3月11日發生雪崩，一對新西蘭籍的男女心肺停止，由直升機送院。北海道俱知安町「硫黃山」（イワオヌプリ山）也發生雪崩事件，4人,03-11 15:21:06,HK01,https://www.hk01.com/即時國際/999271/日本北海道1天2雪崩遊客遭殃-新西蘭男女心肺停止-法籍男腿受傷
China passes law granting Communist Party more control over cabinet,"China's parliament on Monday revised a law to effectively grant the Communist Party more executive control over China's cabinet, the State Council, after cancelling the premier's post-parliament news conference for the first time in three decades.",03-11 15:20,Reuters,https://www.reuters.com/world/china/china-passes-law-granting-communist-party-more-control-over-cabinet-2024-03-11/
"Palestinian refugees in Jordan fret over UNRWA’s fate, and their own","The agency provides refugees with services but, more importantly, with hope that they can return to their homeland.",03-11 15:19,AlJazeera,https://www.aljazeera.com//news/2024/3/11/palestinian-refugees-in-jordan-fret-over-unrwas-fate-and-their-own
US business group seeks security equipment deal with Vietnam's police,"A dozen U.S. firms will hold meetings with Vietnam's public security and defence ministries next week, when a U.S. business group aims to sign a deal to facilitate the supply of gear to the country's police, the organiser told Reuters.",03-11 15:18,Reuters,https://www.reuters.com/world/us-business-group-seeks-security-equipment-deal-with-vietnams-police-2024-03-11/
"Outside Bali, Indonesia’s Hindus celebrate Nyepi in intimate ceremonies","The Balinese new year, known as Nyepi, is marked by reflection, fasting and meditation.",03-11 15:15,AlJazeera,https://www.aljazeera.com//news/2024/3/11/outside-bali-indonesias-hindus-celebrate-nyepi-in-intimate-ceremonies
媒体：拜登发表国情咨文后一天之内筹得千万美元的竞选捐款,,03-11 15:04,俄罗斯卫星通讯社,https://sputniknews.cn/20240311/1057588185.html
Italy's Meloni and allies keep control of Abruzzo region,"Italian Prime Minister Giorgia Meloni and her right-wing allies have kept control of the central region of Abruzzo, election results on Monday showed, bouncing back from a shock defeat in Sardinia two weeks ago.",03-11 15:02,Reuters,https://www.reuters.com/world/europe/italys-meloni-allies-keep-control-abruzzo-region-2024-03-11/
Why are people in India’s Ladakh protesting against central government?,Residents in Leh and Kargil join forces to demand more power as they fear loss of their tribal identity.,03-11 14:57,AlJazeera,https://www.aljazeera.com//news/2024/3/11/why-are-people-in-indias-ladakh-protesting-against-central-government
英国凯特王妃术后首张官方照片疑非真图，其健康状况引外界猜测,英国凯特王妃术后首张官方照片疑非真图，其健康状况引外界猜测,03-11 14:56:15,环球网,https://world.huanqiu.com/article/4GvrHjK1xgp
韓國醫師罷工3週 恐危及醫療資源短缺地區,韓國住院醫師集體罷工潮至今延續約3週，政府為維持主要醫院營運，開始調動軍醫等各地醫師人力，業界憂心可能導致原本醫療資源短...,03-11 14:53,UDN,https://udn.com/news/story/6809/7823241?from=udn-ch1_breaknews-1-cate5-news
拜登劃紅線 以色列總理矢言續攻拉法,以色列總理尼坦雅胡今天表示，以軍在加薩走廊的戰爭中至少擊斃1萬3000名「恐怖分子」，並矢言要繼續在當地南部拉法地區發動...,03-11 14:53,UDN,https://udn.com/news/story/123777/7823236?from=udn-ch1_breaknews-1-cate5-news
練建宏執導「莎莉」 獲大阪影展最具潛力創作者獎,第19屆日本大阪亞洲影展昨晚舉辦頒獎典禮，執導台灣電影「莎莉」的導演練建宏榮獲最具潛力創作者獎及ABC電視獎（影展贊助大...,03-11 14:51,UDN,https://udn.com/news/story/6812/7823235?from=udn-ch1_breaknews-1-cate5-news
過勞靜養月餘 日本自衛隊統合幕僚長重返崗位,日本防衛省今天宣布，先前因過勞一度住院、後在家靜養的自衛隊統合幕僚長（相當於參謀總長）吉田圭秀今天返回工作崗位,03-11 14:48,UDN,https://udn.com/news/story/6809/7823207?from=udn-ch1_breaknews-1-cate5-news
南美航空波音客機半空急墜 50人傷1人情況嚴重,《新西蘭先驅報》3月11日報道，智利的南美航空公司（LATAM Airlines）一架從澳洲悉尼飛往新西蘭奧克蘭的航班因「技術問題」劇烈晃動，24人受傷。紐,03-11 14:43:01,HK01,https://www.hk01.com/即時國際/999251/南美航空波音客機半空急墜-50人傷1人情況嚴重
蘋果本月將在上海開第八家專賣店,蘋果（Apple）準備本月在上海開第八家專賣店，進一步強化零售網路，儘管iPhone在中國大陸市場的銷售正在放緩。,03-11 14:43,UDN,https://udn.com/news/story/6811/7823228?from=udn-ch1_breaknews-1-cate5-news
"Pakistan PM Sharif picks prominent banker in new cabinet, document shows","The CEO of Pakistan's largest bank was picked as a federal minister, according to a government document seen by Reuters, and sources said he was set to be appointed finance minister in a new cabinet that will take the oath on Monday.",03-11 14:41,Reuters,https://www.reuters.com/world/asia-pacific/head-pakistans-biggest-bank-lead-finance-ministry-sources-say-2024-03-11/
又口误！拜登称“美国介入乌克兰是一个错误”，俄方回应,美国总统拜登近日在接受媒体采访时再次口误，称美国介入乌克兰是犯了错误，但实际上他想说的是美国入侵伊拉克和阿富汗。,03-11 14:40:18,环球网,https://world.huanqiu.com/article/4GvqiPuWX8n
"At least 50 injured after 'technical problem' on LATAM flight to Auckland, NZ Herald reports","At least 50 people were hurt on Monday, mostly with minor injuries, after LATAM Airlines told the New Zealand Herald that a ""technical problem"" had caused a ""strong movement"" during a flight from Sydney to Auckland.",03-11 14:39,Reuters,https://www.reuters.com/world/asia-pacific/24-injured-after-technical-problem-latam-sydney-auckland-flight-nz-herald-2024-03-11/
外眼看两会丨摩洛哥在华留学生莫洪：两会让每一个声音都被倾听,策划：刘加文执行策划：杨定都 汤阳 董小娇 宋卫义 统筹：田明 李东标编辑：邱自立 朱静摄制：韩文哲后期制作：王硕视觉设计：魏欣悦鸣谢：合肥工业大学新华网海外传播中心 安徽分公司联合制作。,03-11 14:38:51,新华网,https://www.news.cn/world/20240311/a1261ab230f6411a91756084933418ef/c.html
匈牙利总理称如拜登连任将很糟糕,,03-11 14:36,俄罗斯卫星通讯社,https://sputniknews.cn/20240311/1057587243.html
著作遭擅用訓練AI 美3作家告輝達侵權,輝達（Nvidia）生產的晶片被用於人工智慧（AI）研發。然而有3名作家提告，指輝達訓練自家AI系統NeMo時擅用他們的...,03-11 14:34,UDN,https://udn.com/news/story/6811/7823176?from=udn-ch1_breaknews-1-cate5-news
"At least 26 people killed after floods, landslides hit Indonesia’s Sumatra",At least 26 people reported killed and 11 missing as rescuers recover more bodies.,03-11 14:34,AlJazeera,https://www.aljazeera.com//news/2024/3/11/dozens-dead-after-flash-floods-landslides-hit-indonesias-sumatra-island
冒稱社保員…紐約華男多種身分詐騙6老人60萬 最高可關15年,紐約皇后區地區檢察官凱茲(Melinda Katz)10日宣布，報住在法拉盛39歲的華人男子梁飛(Fei Liang，音...,03-11 14:31,UDN,https://udn.com/news/story/6813/7822409?from=udn-ch1_breaknews-1-cate5-news
Russia says pope's appeal on Ukraine war is to the West,"Russia said Pope Francis's call for talks with Moscow to end the war in Ukraine was a request to Kyiv's Western allies to abandon their ambition to defeat Russia and to recognise the West's mistake in the Ukraine war, Italy's ANSA news agency reported.",03-11 14:31,Reuters,https://www.reuters.com/world/europe/russia-says-popes-appeal-ukraine-war-is-west-2024-03-11/
瑞典智庫：美國出口歐洲武器大增 5年來增近一倍,新華社3月11日稱，瑞典智庫斯德哥爾摩國際和平研究所（SIPRI）最新數據顯示，歐洲國家過去5年的武器裝備進口量比前一個5年增長將近一倍，俄烏衝突,03-11 14:30:15,HK01,https://www.hk01.com/即時國際/999244/瑞典智庫-美國出口歐洲武器大增-5年來增近一倍
韩媒：韩国政府将调派军医来弥补医疗空缺,韩媒：韩国政府将调派军医来弥补医疗空缺,03-11 14:30:09,环球网,https://world.huanqiu.com/article/4GvqLwbq1Rb
普亭支持率86％ 料可再掌權12年 選前積極洗刷負面形象,俄羅斯總統普亭已掌權長達24年，俄國將於3月15日至17日舉行總統大選，涵蓋「兼併入俄」的烏東地區在內，這次普亭以獨立候...,03-11 14:29,UDN,https://udn.com/news/story/6813/7822619?from=udn-ch1_breaknews-1-cate5-news
《奥本海默》获得奥斯卡7个奖项,,03-11 14:28:48,新华网,https://www.news.cn/world/20240311/cfd70c24f45144a7b832fdcc34086803/c.html
美媒：阿尔·帕西诺“快速宣布”奥斯卡最佳影片，让现场措手不及,当地时间3月10日，第96届奥斯卡颁奖典礼在美国洛杉矶杜比剧院举行，《奥本海默》成为最大赢家，横扫包括最佳影片在内的7项大奖。,03-11 14:28:16,环球网,https://world.huanqiu.com/article/4GvqHiAJ1X2
奧斯卡╱楊紫瓊、關繼威頒獎 明星戴紅色別針籲停火,第96屆奧斯卡金像獎頒獎典禮，美東時間10日晚間登場，知名脫口秀主持人吉米金莫(Jimmy Kimmel)第四度獲邀主持...,03-11 14:28,UDN,https://udn.com/news/story/6813/7822468?from=udn-ch1_breaknews-1-cate5-news
首購族沒錢 建商改蓋小巧房 新屋面積創14年新低,新房嚴重短缺不僅加劇了通膨，也使首購族無從下手。建商看到市場需求後，過去一年又掀起新一波建設潮，但與以往優先考慮大型住宅...,03-11 14:26,UDN,https://udn.com/news/story/6813/7823152?from=udn-ch1_breaknews-1-cate5-news
Ukraine's Oscar winning director says he would exchange his award for no war,"Ukrainian director Mstyslav Chernov, who on Sunday won the first Academy Award for his country for the ""20 Days in Mariupol"" documentary about the Russian siege of the port city, said he would rather have no Oscar and no war waged against his country.",03-11 14:26,Reuters,https://www.reuters.com/lifestyle/ukraines-oscar-winning-director-says-he-would-exchange-his-award-no-war-2024-03-11/
南美航空公司一飞机飞行途中急降 数十名乘客受伤,南美航空公司一架从澳大利亚悉尼飞往新西兰奥克兰的航班飞行途中发生急降，剧烈颠簸，造成数十名乘客受伤。,03-11 14:25:37,环球网,https://world.huanqiu.com/article/4GvqBttbQLr
嚇阻北京！菲律賓拉18國建「同盟網」中學者斥製造南海「黑洞」,中菲南海緊張情勢升溫，華盛頓郵報報導，菲律賓國防部稱，自一艘中國海警船去年以軍用級雷射照射一艘菲海防船以來，馬尼拉已和至...,03-11 14:25,UDN,https://udn.com/news/story/6809/7822622?from=udn-ch1_breaknews-1-cate5-news
匈牙利總理：川普若再上台 美中或達成重大貿易協議,俄羅斯衛星通訊社網11日引述匈牙利總理歐爾班（Orbán Viktor）表示，如果美國前總統川普在此次美國大選中獲勝，中...,03-11 14:25,UDN,https://udn.com/news/story/6809/7823187?from=udn-ch1_breaknews-1-cate5-news
喬州女大生命案讓邊安議題升溫 川普批民主黨政策致命,拜登總統9日表示，對於7日發表國情咨文(State of the Union)時以「非法移民」描述喬治亞州護理學院女學生...,03-11 14:25,UDN,https://udn.com/news/story/6813/7823166?from=udn-ch1_breaknews-1-cate5-news
教宗促舉白旗談判 烏外長：只舉黃藍國旗 永不投降,天主教教宗方濟各近日受訪時表示，烏克蘭應該拿出「舉白旗」的勇氣，透過談判終結與俄羅斯的戰爭。烏國外長庫列巴（Dmytro...,03-11 14:25,UDN,https://udn.com/news/story/122663/7822615?from=udn-ch1_breaknews-1-cate5-news
奧斯卡╱怪奇比莉以芭比獲最佳原創歌曲 肯尼獻唱,去年度電影票房冠軍「Barbie芭比」締造14億元佳績，除了帥哥美女搭配繽紛的浪漫氣氛，吸引觀眾進場，電影配樂與歌曲大受...,03-11 14:24,UDN,https://udn.com/news/story/6813/7822453?from=udn-ch1_breaknews-1-cate5-news
再度出招！南韓國防部證實出動軍醫支援罷工醫院,韓聯社和路透報導，南韓國防部11日證實派遣20名軍醫到20所罷工醫院進行為期4周支援，而且不排除在現有資源下再增派人手，...,03-11 14:24,UDN,https://udn.com/news/story/6809/7823182?from=udn-ch1_breaknews-1-cate5-news
奧斯卡╱1000萬禮服到18萬禮包 1場奧斯卡要花5690萬,新冠疫情結束後，全球電影票房屢創新高，連帶奧斯卡頒獎典禮花費也水漲船高，個人金融公司WalletHub預估，總成本高達5...,03-11 14:23,UDN,https://udn.com/news/story/6813/7822635?from=udn-ch1_breaknews-1-cate5-news
捷克25歲佳麗世姐奪冠 雙主修學霸精通多國語言,來自捷克的25歲佳麗皮什科娃（Krystyna Pyszkova） 摘下2024年世界小姐后冠，她奪冠後感性表示，「加冕...,03-11 14:23,UDN,https://udn.com/news/story/6809/7822618?from=udn-ch1_breaknews-1-cate5-news
奧斯卡╱明星效應 塑身話題起 減重藥成另類贏家,今年奧斯卡金像獎頒獎典禮的熱議話題，除了一如既往的走紅毯明星服飾與配件，預料也包含如何維持與雕塑身形，一些人答案可能會是...,03-11 14:22,UDN,https://udn.com/news/story/6813/7822672?from=udn-ch1_breaknews-1-cate5-news
奧斯卡╱AI影音威脅？攝影師、動畫師工作恐大減,第96屆奧斯卡金像獎頒獎典禮於10日晚間登場，今年在「奧本海默」與「芭比」兩部賣座電影領軍下，收視觀眾預料將回升，讓去年...,03-11 14:21,UDN,https://udn.com/news/story/6813/7822680?from=udn-ch1_breaknews-1-cate5-news
以新建公路將加薩分二…拜登痛批內唐亞胡  美媒估恐扣留軍援,英國BBC核實的衛星影像顯示，以色列國防軍（IDF）完成一條從東到西將加薩南北「一分為二」的公路。儘管加薩本身就有連接東...,03-11 14:21,UDN,https://udn.com/news/story/6813/7822613?from=udn-ch1_breaknews-1-cate5-news
中俄去美元化、聯手建數字貨幣 美媒：會比核武更危險,俄羅斯通訊社報導，美國「福布斯」雜誌援引多位經濟學家的觀點報導稱，以俄羅斯和中國為首的金磚國家（除中俄外，還包括巴西、印...,03-11 14:19,UDN,https://udn.com/news/story/6809/7822663?from=udn-ch1_breaknews-1-cate5-news
巴黎奧運嚴防罷工 法國發公務員獎金,法國公共服務部部長蓋里尼（Stanislas Guérini）9日表示，法國政府將為奧運和帕運期間在巴黎各地服務的公務員...,03-11 14:19,UDN,https://udn.com/news/story/6809/7822614?from=udn-ch1_breaknews-1-cate5-news
住房短缺 左右派罕見結盟推「歡迎新鄰居運動」,房屋價格過高、供應緊縮已成為美國最緊要的民生負擔之一，也日益成為政治角力的問題。但兩黨政客很快便發現他們都無法安撫選民，...,03-11 14:17,UDN,https://udn.com/news/story/6813/7823149?from=udn-ch1_breaknews-1-cate5-news
澳籍作家楊恆均死緩案 中駐澳大使：可能不會處死,澳籍華裔作家楊恆均遭中國判處死緩，震驚各界。中國駐澳洲大使肖千今天表示，死緩意味不會立即執行死刑，如果楊恆均未來沒有其他...,03-11 14:16,UDN,https://udn.com/news/story/6809/7823145?from=udn-ch1_breaknews-1-cate5-news
矛盾？房租降溫 官方數據卻指仍在推升通膨,聯準會(Fed)升息行動的效果顯現，大多數領域的價格都在放緩，幾乎所有數據都顯示房租成本在下降，但據官方報告看來房租成本...,03-11 14:16,UDN,https://udn.com/news/story/6813/7823150?from=udn-ch1_breaknews-1-cate5-news
澳洲貿易部長：北京月底或撤對澳葡萄酒懲罰性關稅,中澳關係持續「回暖」。外媒指出，澳洲貿易部長法瑞爾（Don Farrell）10日透露，中方將在3月底前完成對澳洲葡萄酒...,03-11 14:15,UDN,https://udn.com/news/story/6811/7822678?from=udn-ch1_breaknews-1-cate5-news
ABC民調：36%相信川普能做好國家領導人 33%相信拜登,據美國廣播公司新聞網(ABC News)與艾普索斯(Ipsos)的10日最新民調，民眾對於誰能做好國家領導人工作的看法存...,03-11 14:15,UDN,https://udn.com/news/story/6813/7823164?from=udn-ch1_breaknews-1-cate5-news
大馬首相安華赴德國訪問 探討新合作形式,馬來西亞首相安華（Anwar Ibrahim）今天清晨抵達德國，對大馬在歐盟最大的貿易夥伴國進行為期6天訪問行程，除促進...,03-11 14:15,UDN,https://udn.com/news/story/6809/7823100?from=udn-ch1_breaknews-1-cate5-news
CNN：若現在大選川普就能贏 拜登連任機率剩一半,有線電視新聞網(CNN)10日報導，以目前局勢，今年11月大選，拜登總統一定會對決前總統川普，但現在跟2020年拜登在整...,03-11 14:14,UDN,https://udn.com/news/story/6813/7823165?from=udn-ch1_breaknews-1-cate5-news
加薩瀕臨饑荒邊緣 5國軍機聯合空投援助物資,以色列與巴勒斯坦伊斯蘭組織「哈瑪斯」交戰逾5個月，飽受戰火摧殘的加薩走廊瀕臨饑荒邊緣，美國等5國軍機今天在加薩北部上空參...,03-11 14:14,UDN,https://udn.com/news/story/123777/7823144?from=udn-ch1_breaknews-1-cate5-news
中國駐澳大使：中國對澳洲葡萄酒關稅審查進展順利,澳洲貿易部長法雷爾（Don Farrell）3月10日稱中國將在3月底前完成針對澳洲葡萄酒關稅措施的覆審工作，中國駐澳大利亞大使肖千翌日說，中國對澳洲葡,03-11 14:07:17,HK01,https://www.hk01.com/即時國際/999200/中國駐澳大使-中國對澳洲葡萄酒關稅審查進展順利
應對韓國醫生罷工 政府出動軍醫應對,韓媒3月11日報道，韓國保健福祉部今起向全國20所醫院調派20名軍醫和138名公共衛生醫生。這批醫療人員主要負責重症、急診患者的手術，緩解就診推遲,03-11 14:03:17,HK01,https://www.hk01.com/即時國際/999229/應對韓國醫生罷工-政府出動軍醫應對
豐田到底是先知還是笨蛋？被訕笑的油電車戰略如今賺很大,曾經，當全球車廠都積極研發電動車時，豐田汽車被批評者指為昏昏欲睡，因為他們把油電混合車列為優先，看來遠遠落後於特斯拉、通用、福特等。但過去六個月，電動車銷售放緩，今年1-2月，豐田在美銷量成長20%，其中油電混合及插電式油電混合車銷量成長83%。豐田再一次證明自己高瞻遠矚嗎？,03-11 14:00,UDN,https://udn.com/news/story/6811/7821415?from=udn-ch1_breaknews-1-cate5-news
担忧美舰停靠影响生产安全 日本冲绳港口工会举行罢工,担忧美舰停靠影响生产安全 日本冲绳港口工会举行罢工,03-11 13:55:06,环球网,https://world.huanqiu.com/article/4Gvp6Hw3dgy
俄国家杜马主席：支持引渡阿桑奇的国家将不再是合法国家,,03-11 13:54,俄罗斯卫星通讯社,https://sputniknews.cn/20240311/1057586760.html
哈马斯对停火协议提出五项原则,哈马斯对停火协议提出五项原则,03-11 13:53:41,环球网,https://world.huanqiu.com/article/4Gvp3AYQUbi
东日本大地震13周年 日本多地举行追悼活动,3月11日是东日本大地震13周年纪念日。据《日本经济新闻》、日本广播协会等媒体报道，当天上午，在这场地震中严重受灾的日本仙台市等沿岸地区举行了追悼活动。,03-11 13:52:34,环球网,https://world.huanqiu.com/article/4Gvp0hFcGyn
大馬麥當勞甩抵制陰影 促銷優惠恢復消費者信心,馬來西亞麥當勞去年底因以巴衝突遭抵制，雖曾數度採降價措施，也控告反以色列組織「馬來西亞抵制、撤資、制裁」（BDS Mal...,03-11 13:52,UDN,https://udn.com/news/story/6812/7823081?from=udn-ch1_breaknews-1-cate5-news
蒙古国紧急情况总局通报：极寒天气已致390万头牲畜死亡,极寒天气已致蒙古国390万头牲畜死亡,03-11 13:51:16,环球网,https://world.huanqiu.com/article/4Gvoxohw2uU
再来一遍！被王毅认出的外国记者再跳“科目三”,“你是跳‘科目三’的小伙子吧，我在短视频看到过你，还继续跳吗？”,03-11 13:47:39,环球网,https://world.huanqiu.com/article/4Gvopn9F22b
玉渊谭天丨CNN记者上了菲律宾的海警船……,CNN记者上了菲律宾的海警船……,03-11 13:45:35,环球网,https://world.huanqiu.com/article/4GvolBcHbfZ
中國駐澳洲大使：或永不處決楊恆均,中國駐澳洲大使肖千說，如果澳洲華裔作家楊恆均接下來不再犯罪，他可能永遠都不會被處決。據路透社報道，肖千星期一（3月11日）在澳洲金融評論商業,03-11 13:33:48,HK01,https://www.hk01.com/即時國際/999226/中國駐澳洲大使-或永不處決楊恆均
日本北海道羊蹄山雪崩3人被埋 2滑雪遊客心肺停止,日本北海道羊蹄山3月11日發生雪崩，一對新西蘭籍的男女心肺停止，由直升機送院。羊蹄山雪崩根據HTB與日本放送協會（NHK）報道，事發於上午11時左右,03-11 13:24:40,HK01,https://www.hk01.com/即時國際/999225/日本北海道羊蹄山雪崩3人被埋-2滑雪遊客心肺停止
奧斯卡2024｜賽前被指逐字逐句抄襲《滯留生》失落最佳原創劇本獎,第96屆奧斯卡金像獎已在3月11日於洛杉磯杜比劇院舉行頒獎典禮。《奧本海默》（Oppenheimer）成大贏家，包括得最佳電影、最佳導演（基斯杜化路蘭，C,03-11 13:09:55,HK01,https://www.hk01.com/即時國際/999183/奧斯卡2024-被指抄襲-滯留生-the-holdovers失最佳原創劇本
基里安·墨菲凭借《奥本海默》获奥斯卡最佳男主角奖,,03-11 13:08,俄罗斯卫星通讯社,https://sputniknews.cn/20240311/1057586436.html
奧斯卡2024｜大贏家還有它們？ 減肥藥成今屆典禮焦點,奧斯卡（The Oscars）頒獎典禮3月11日登場。人們除了關注明星們穿着什麼，也好奇他們如何獲得如此好的身材。這使得包括諾和泰（Ozempic）及Mounjar,03-11 13:05:14,HK01,https://www.hk01.com/即時國際/999185/奧斯卡2024-大贏家還有它們-減肥藥成今屆典禮焦點
S Korea deploys military reinforcements to hospitals hit by doctors strike,"Nearly 12,000 trainee doctors from 100 hospitals have walked out over government reform plans.",03-11 13:04,AlJazeera,https://www.aljazeera.com//news/2024/3/11/s-korea-deploys-military-reinforcements-to-hospitals-hit-by-doctors-strike
"Five of six missing skiers found dead in Switzerland, police say","Five cross-country skiers who went missing during a ski tour in Switzerland were found dead, while a search was still on for the sixth skier, police said in a statement on Monday.",03-11 13:02,Reuters,https://www.reuters.com/world/europe/five-cross-country-skiers-found-dead-switzerland-afp-reports-2024-03-11/
Real Madrid inch closer to La Liga title with 4-0 win over Celta Vigo,Real Madrid move seven points clear of second-placed Girona and are favourites to win a record-extending 36th title.,03-11 12:59,AlJazeera,https://www.aljazeera.com//sports/2024/3/11/real-madrid-inch-closer-to-la-liga-title-with-4-0-win-over-celta-vigo
日本上调去年第四季度经济增速,,03-11 12:57:14,新华网,https://www.news.cn/world/20240311/6e0892a286ae4c4bba50e55888697cbe/c.html
法国政治家：欧盟“核保护伞”或将允许法即使没受到威胁也可以使用其核武器,,03-11 12:51,俄罗斯卫星通讯社,https://sputniknews.cn/20240311/1057586023.html
勞力士2024新錶5大預測二：ROLEX出金鋼Day-Date、鈦金屬黑水鬼？,2024年的日內瓦鐘錶與奇蹟錶展將在4月9日正式登場，趕在錶展前先沙盤推演一下品牌可能會推出什麼樣的新款，總是讓人既興奮又好奇，同時也可以在錶展開始前預先炒熱氣氛。,03-11 12:50:58,HK01,https://stylenculture.hk01.com/鐘錶/998045/勞力士2024新錶5大預測二-rolex出金鋼day-date-鈦金屬黑水鬼
通讯丨中巴农业合作助力巴基斯坦培育小麦新品种,,03-11 12:49:36,新华网,https://www.news.cn/world/20240311/6bd78878d07341488d4f0e48eeec1f03/c.html
民主联盟在葡萄牙议会选举中以微弱优势领先,,03-11 12:35:58,新华网,https://www.news.cn/world/20240311/0a563fb2f5f14cfa8e3c3a2e0d2b9a19/c.html
Oscars 2024: The complete list of winners at the 96th Academy Awards,"Oppenheimer emerged as the night’s big winner, taking home seven Oscars after being nominated in 13 categories.",03-11 12:34,AlJazeera,https://www.aljazeera.com//news/2024/3/11/oscars-2024-the-complete-list-of-winners-at-the-96th-academy-awards
玻利維亞豪雨成災 首都拉巴斯進入緊急狀態,,03-11 12:23,中央社,https://www.cna.com.tw/news/aopl/202403110092.aspx
法總統馬克宏拚改革 擬5月提「協助死亡」法案,,03-11 12:12,中央社,https://www.cna.com.tw/news/aopl/202403110087.aspx
"US-bound ship from Reliance's Sikka port hits BPCL crude import facility, sources say","Oil tanker Hafnia Seine bound for the United States from Sikka port in Western India hit Bharat Petroleum Corp's (BPCL) crude import facility in an accident late on Sunday, two sources with the knowledge of the matter said on Monday.",03-11 12:10,Reuters,https://www.reuters.com/markets/commodities/us-bound-ship-reliances-sikka-port-hits-bpcl-crude-import-facility-sources-say-2024-03-11/
美媒：中國海警頻繁進入爭議海域 日本新增艦艇,,03-11 12:06,中央社,https://www.cna.com.tw/news/aopl/202403110083.aspx
匈牙利：特朗普倘再上台 美中或達成重大貿易協議,俄衛網3月11日引述匈牙利總理歐爾班（Orbán Viktor）表示，如果美國前總統特朗普（Donald Trump，又譯川普）在此次美國大選中獲勝，中美之間有可能,03-11 12:03:46,HK01,https://www.hk01.com/即時國際/999119/匈牙利-特朗普倘再上台-美中或達成重大貿易協議
"Oscars 2024 takeaways: Oppenheimer reigns supreme, Gaza in the spotlight","Christopher Nolan satisfies the Oscars’ cravings for meaty biopics, while protests for Gaza appear on the red carpet.",03-11 11:56,AlJazeera,https://www.aljazeera.com//news/2024/3/11/oppenheimer-reigns-supreme-five-takeaways-from-the-96th-academy-awards
联合国警告：加沙的用水和卫生情况仍严重受限,联合国警告：加沙的用水和卫生情况仍严重受限,03-11 11:52:12,环球网,https://world.huanqiu.com/article/4Gvki1xrRgv
Universal Pictures dominates the Academy Awards with 'Oppenheimer',"Comcast Corp's Universal Pictures dominated Sunday's Academy Awards, propelled by the historical drama ""Oppenheimer,"" which won seven Oscars, including best picture.",03-11 11:43,Reuters,https://www.reuters.com/lifestyle/universal-pictures-dominates-academy-awards-with-oppenheimer-2024-03-11/
"South Korea deploys military, public doctors to strike-hit hospitals","South Korea will start deploying military physicians and doctors from public health centres to strike-hit hospitals on Monday to help care for patients affected by the walkout of nearly 12,000 trainee doctors from 100 hospitals over government reform plans.",03-11 11:37,Reuters,https://www.reuters.com/world/asia-pacific/south-korea-deploys-military-public-doctors-strike-hit-hospitals-2024-03-11/
奧斯卡2024｜哥斯拉誕生70年首度獲獎 亞洲暫未放映原因是它？,第96屆奧斯卡金像獎為日本締造新紀錄，《哥斯拉-1.0》（哥吉拉-1.0）拿下最佳視覺特效獎，不但是日本團隊首度得到奧斯卡這項技術獎，也是影史最著,03-11 11:34:55,HK01,https://www.hk01.com/即時國際/999157/奧斯卡2024-哥斯拉誕生70年首度獲獎-亞洲暫未放映原因是它
教皇称乌克兰要有“举白旗”勇气，乌外长回应：除了国旗，永远不会升起其他旗帜,据彭博社报道，库列巴当天在X上称，“最强者在善与恶的斗争中站在善的一边，而不是试图把两者放在同一地位上并称之为‘谈判’”。,03-11 11:30:37,环球网,https://world.huanqiu.com/article/4GvjwBiRNqm
柬埔寨警方搗毀西港詐騙園區 8名台灣人落網恐遣返至大陸,3月9日、10日，柬埔寨警方連續破獲西港2座「電信詐騙園區」，共逮捕479名當地人與外國公民，其中包括8名台灣人。《柬中時報》引述移民總局消息指，,03-11 11:30:11,HK01,https://www.hk01.com/台灣新聞/999155/柬埔寨警方搗毀西港詐騙園區-8名台灣人落網恐遣返至大陸
德美等国撤离驻海地使馆工作人员,太子港消息：据海地媒体10日报道，德国、美国等国近期开始撤离驻海地使馆工作人员。,03-11 11:28:44,新华网,https://www.news.cn/world/20240311/827bb8011c9e4c3aa5da86156c92e886/c.html
瑞典智庫：緊隨美法之後 俄羅斯成全球第三大武器出口國,瑞典智庫斯德哥爾摩國際和平研究所（SIPRI）稱，在2019年至2023年期間，俄羅斯已成為僅次於美國和法國的第三大武器出口國。SIPRI報告顯示：「俄羅,03-11 11:16:56,HK01,https://www.hk01.com/即時國際/999156/sipri-俄羅斯緊隨美國法國之後-成為全球第3大軍火出口國
韩国保健福祉部向4944名医生发出吊销执照的事前通知,据韩国政府及医疗界当地时间11日透露，截至8日，韩国保健福祉部已向4944名离岗的实习和住院医生发送了吊销医师执照的事前通知,03-11 11:04:55,环球网,https://world.huanqiu.com/article/4Gvj1IB9bIU
越南、西班牙、埃及探索志愿服务制度化、专业化——志愿服务助力社会治理水平提升（国际视点）,近年来，越南不断推动志愿服务活动创新，助力青年志愿者掌握更多技能、服务他人,03-11 10:52:29,环球网,https://world.huanqiu.com/article/4GviZdUXbTI
以哈戰爭陰影下 穆斯林國家宣布齋戒月開始,,03-11 10:51,中央社,https://www.cna.com.tw/news/aopl/202403110046.aspx
China trying to 'normalise' military drills near Taiwan: island's top security official,"Taiwan's top security official told parliament on Monday that China runs ""joint combat readiness patrols"" near the democratic island every 7-10 days on average, saying Chinese forces were trying to ""normalise"" drills near Taiwan.",03-11 10:48,Reuters,https://www.reuters.com/world/asia-pacific/china-trying-normalise-military-drills-near-taiwan-islands-top-security-official-2024-03-11/
以巴齋戒月期間有望停火？哈馬斯領袖：續對談判持開放態度,巴勒斯坦極端組織哈馬斯（Hamas）領袖哈尼亞（Ismail Haniyeh）在提到通過開羅調解人與以色列就加沙地帶問題舉行的停火談判破裂時強調，「哈馬斯對,03-11 10:38:20,HK01,https://www.hk01.com/即時國際/999133/以巴齋戒月期間有望停火-哈馬斯領袖-續對談判持開放態度
"Australian writer sentenced to death in China may never be executed, says Chinese ambassador",China's ambassador to Australia said on Monday that the suspended death sentence given last month to imprisoned Australian writer Yang Hengjun may not be carried out if the former pro-democracy blogger commits no further crimes.,03-11 10:38,Reuters,https://www.reuters.com/world/asia-pacific/australian-writer-sentenced-death-china-may-never-be-executed-says-chinese-2024-03-11/
烏躍居第4大武器進口國 俄武出口地位被法取代,,03-11 10:36,中央社,https://www.cna.com.tw/news/aopl/202403110039.aspx
Oscars 2024: Full list of winners at 96th Academy Awards,"The following is a complete list of Oscar winners at the 96th Academy Awards on Sunday, presented at a live, televised ceremony from Hollywood.",03-11 10:35,Reuters,https://www.reuters.com/lifestyle/full-list-oscar-winners-96th-academy-awards-2024-03-11/
日本311地震13周年｜16地舉行追思會悼念死難者 岸田赴福島出席,2024年3月11日是日本311大地震的第13周年紀念日。在岩手縣、宮城縣和福島縣，有16個地區的地方政府11日下午午2時46分舉辦追思會。首相岸田文雄11日,03-11 10:32:21,HK01,https://www.hk01.com/即時國際/999126/日本311地震13周年-16地舉行追思會悼念死難者-岸田赴福島出席
拜登批戰爭政策對以色列弊多於利 尼坦雅胡駁斥,,03-11 10:32,中央社,https://www.cna.com.tw/news/aopl/202403110038.aspx
韓國FSS指買國指結構產品不乏退休人士 投資虧損或達340億元,港股近年表現疲弱，難免影響投資者手上資產組合表現，不單止本地投資者，就連遠在韓國的投資者亦受到波及。韓國金融監督院（FSS）指出，在一系到案,03-11 10:30:48,HK01,https://www.hk01.com/財經快訊/999124/韓國fss指買國指結構產品不乏退休人士-投資虧損或達340億元
第40次南极考察｜“不留一片垃圾在南极”,日前，中国第40次南极考察队队员在离开秦岭站前抓紧时间整理建筑垃圾和生活垃圾，坚持不留一片垃圾在南极。,03-11 10:24:15,新华网,https://www.news.cn/world/20240311/ea58e198be5a4ab78bd7353e8f116765/c.html
Emma Stone wins second career Oscar for 'Poor Things',By Lisa Richwine,03-11 10:14,Reuters,https://www.reuters.com/lifestyle/emma-stone-wins-second-career-oscar-poor-things-2024-03-11/
内塔尼亚胡指示监狱为巴勒斯坦囚犯准备数千个新位置,,03-11 10:06,俄罗斯卫星通讯社,https://sputniknews.cn/20240311/1057583410.html
Christopher Nolan wins best director Oscar for 'Oppenheimer',By Mary Milliken,03-11 10:05,Reuters,https://www.reuters.com/lifestyle/christopher-nolan-wins-best-director-oscar-oppenheimer-2024-03-11/
Cillian Murphy wins best actor Oscar for 'Oppenheimer',"LOS ANGELES, March 10 (Reuters) - Cillian Murphy earned his first Academy Award for his portrayal in “Oppenheimer” of the physicist who led the United States’ development of the atomic bomb during World War Two.",03-11 10:01,Reuters,https://www.reuters.com/lifestyle/cillian-murphy-wins-best-actor-oscar-oppenheimer-2024-03-11/
Luis Montenegro claims victory for Portugal’s centre-right in snap polls,Democratic Alliance edged ahead of incumbent Socialists in nail-biting count that saw far-right surge.,03-11 09:57,AlJazeera,https://www.aljazeera.com//news/2024/3/11/luis-montenegro-claims-victory-for-portugals-centre-right-in-snap-polls
Yen續向好兌港元升穿5.3算 傳日央行傾向本月加息結束負利率,市場對日本央行進行2007年以來首次加息的預期愈來愈高，薪酬上升和通脹穩定加強了實行利率正常化的理由。日圓今早續向好，最新報146.73日圓兌一美,03-11 09:48:33,HK01,https://www.hk01.com/財經快訊/999115/yen續向好兌港元升穿5-3算-傳日央行傾向本月加息結束負利率
法国东南部遭暴雨袭击已致3人死亡 仍有4人失踪,法国东南部遭暴雨袭击已致3人死亡 仍有4人失踪,03-11 09:44:29,环球网,https://world.huanqiu.com/article/4Gvg98JPjzr
宫崎骏新作再获奥斯卡最佳动画长片奖,,03-11 09:43,俄罗斯卫星通讯社,https://sputniknews.cn/20240311/1057583037.html
美国亚利桑那州警察开枪打死一名持有武器男子,美国亚利桑那州瑟普赖斯（Surprise）发生一起涉及警察的枪击事件，一名警员开枪打死了一名据悉手持武器的男子。,03-11 09:41:29,环球网,https://world.huanqiu.com/article/4Gvg2SztYPJ
加媒指華水產業有「強迫勞動」 中國駐加使館反駁,據微信公眾號「中國駐加拿大使館」3月11日消息，中國駐加拿大使館發言人就加拿大《環球郵報》誣衊中國水產行業存在「強迫勞動」行為發表談話。全文,03-11 09:41:07,HK01,https://www.hk01.com/即時國際/999116/加拿大媒體指中國水產業有-強迫勞動-駐加使館駁斥
Reddit擬上市籌58億元 預176萬股供作者及用戶認購 不設禁售期,"有「美國連登」之稱的Reddit，最新IPO進展稱，集資額為7.48億美元，折合約58.34億港元。《彭博》引知情人士消息指，公司計劃出售2,200萬股，作價介",03-11 09:40:13,HK01,https://www.hk01.com/財經快訊/999114/reddit擬上市籌58億元-預176萬股供作者及用戶認購-不設禁售期
利比亚前政府发言人：美国要从持续混乱的海地局势中获利,利比亚前政府发言人穆萨·易卜拉欣当地时间10日在《今日俄罗斯》电视台发表评论称，海地如今的困局与美国的长期干涉脱不了干系。,03-11 09:38:24,环球网,https://world.huanqiu.com/article/4GvfvdAMm8j
"Media agencies pull photo of Kate, Princess of Wales, citing manipulation","AP, Reuters, AFP and Getty withdraw first official image of the Princess of Wales released since her surgery.",03-11 09:38,AlJazeera,https://www.aljazeera.com//news/2024/3/11/media-agencies-pull-photo-of-kate-middleton-over-manipulation-concerns
马克龙将于未来几周访问乌克兰,,03-11 09:25,俄罗斯卫星通讯社,https://sputniknews.cn/20240311/1057582434.html
法国政治家：西方不对“北溪”爆炸展开调查，因为他们自己就是肇事者,,03-11 09:15,俄罗斯卫星通讯社,https://sputniknews.cn/20240311/1057582303.html
"Russia-Ukraine war: List of key events, day 747","As the war enters its 747th day, these are the main developments.",03-11 09:10,AlJazeera,https://www.aljazeera.com//news/2024/3/11/russia-ukraine-war-list-of-key-events-day-747
"Russian embassy in US in contact with State Department ahead of elections, ambassador says","The Russian embassy in Washington is in ""close contact"" with the U.S. State Department ahead of the presidential election in Russia this week to ensure the security of the diplomatic mission, ambassador Anatoly Antonov said on Monday.",03-11 09:05,Reuters,https://www.reuters.com/world/europe/russian-embassy-us-contact-with-state-department-ahead-elections-ambassador-says-2024-03-11/
葡萄牙國會選舉｜民主聯盟宣布獲勝 執政社會黨魁承認落敗,葡萄牙國會選舉3月10日已點算99%選票，但結果仍難以預測。出口民調顯示，執政社會黨（Socialist Party，PS）與中右翼的民主聯盟（Democratic Allia,03-11 09:01:51,HK01,https://www.hk01.com/即時國際/999104/葡萄牙國會選舉-民主聯盟宣布獲勝-執政社會黨魁承認落敗
媒体：胡塞武装袭击红海期间通过俄罗斯铁路运输货物的需求增加 ,,03-11 08:59,俄罗斯卫星通讯社,https://sputniknews.cn/20240311/1057581767.html
葡萄牙國會選舉社會黨民主聯盟勢均力敵 極右翼夠了黨料成造王者,葡萄牙國會選舉3月10日已點算99%選票，但結果仍難以預測。出口民調顯示，執政社會黨（Socialist Party，PS）與中右翼的民主聯盟（Democratic Allia,03-11 08:52:44,HK01,https://www.hk01.com/即時國際/999102/葡萄牙國會選舉社會黨民主聯盟勢均力敵-極右翼夠了黨料成造王者
波蘭投票通過 暫停參加「歐洲常規武裝力量條約」,,03-11 08:44,中央社,https://www.cna.com.tw/news/aopl/202403110020.aspx
China ambassador says Australia wine tariff review on track,"China's review of tariffs on Australian wine is progressing well, Chinese Ambassador Xiao Qian said on Monday, but he stopped short of confirming an Australian government claim the dispute would be resolved this month.",03-11 08:32,Reuters,https://www.reuters.com/world/asia-pacific/chinese-ambassador-says-review-into-tariffs-australian-wine-progressing-well-2024-03-11/
海地黑幫暴力延燒 美德等國撤離使館人員,,03-11 08:30,中央社,https://www.cna.com.tw/news/aopl/202403110016.aspx
Britain's 'Zone of Interest' wins best international film Oscar,"LOS ANGELES, March 10 (Reuters) - Britain's ""The Zone of Interest,"" about a German officer's family living next door to the Auschwitz extermination camp during World War Two, won the Oscar for best international feature film on Sunday.",03-11 08:25,Reuters,https://www.reuters.com/lifestyle/britains-zone-interest-wins-best-international-film-oscar-2024-03-11/
哈马斯领导人主张在巴勒斯坦成立民族团结政府,,03-11 08:21,俄罗斯卫星通讯社,https://sputniknews.cn/20240311/1057581316.html
"Oscars 2024: panned by Trump, host Kimmel quips, 'Isn't it past your jail time?'",Hollywood's biggest stars gathered on Sunday to celebrate the year's best accomplishments in film at the annual Academy Awards.,03-11 08:18,Reuters,https://www.reuters.com/lifestyle/takeaways-2024-oscars-show-2024-03-11/
"Israel’s war on Gaza live: Ramadan begins under Israeli siege, attacks",Palestinians in Gaza observe Ramadan in ruined mosques as Israeli siege and bombardment leaves ‘hunger everywhere’.,03-11 08:00,AlJazeera,https://www.aljazeera.com//news/liveblog/2024/3/11/israels-war-on-gaza-live-ramadan-begins-with-no-end-to-israels-siege
匈牙利总理称美中或达成重大贸易协议,,03-11 07:55,俄罗斯卫星通讯社,https://sputniknews.cn/20240311/1057580861.html
Fears of mass migration from Myanmar as military plans to draft thousands,Myanmar’s generals aim to make up for recruitment shortfalls and battlefield losses by drafting thousands of civilians.,03-11 07:39,AlJazeera,https://www.aljazeera.com//news/2024/3/10/fears-of-mass-migration-from-myanmar-as-military-plans-to-draft-thousands
Oscars 2024 red carpet: Strong silhouettes and sparkles dominate,"Dresses with strong silhouettes, sparkles on both women and men and a splash of Barbie-inspired pink dominated the Oscars red carpet on Sunday.",03-11 07:37,Reuters,https://www.reuters.com/lifestyle/strong-silhouettes-sparkles-dominate-oscars-red-carpet-2024-03-10/
"In Bolivia, heavy rains prompt authorities to declare state of emergency","Heavy rain in Bolivia's capital, La Paz, prompted authorities to declare a state of emergency, a government document showed on Sunday, after overflowing rivers destroyed many houses over the weekend.",03-11 07:31,Reuters,https://www.reuters.com/world/americas/bolivia-heavy-rains-prompt-authorities-declare-state-emergency-2024-03-10/
媒体：内塔尼亚胡否决巴勒斯坦建国的可能性,,03-11 07:24,俄罗斯卫星通讯社,https://sputniknews.cn/20240311/1057580648.html
Nvidia遭3名美國作家控侵權 指著作被用於訓練AI平台NeMo,人工智能（AI）晶片生產巨頭Nvidia於美國被3名作家起訴，指控該公司在未經許可下，使用他們的著作來訓練AI平台NeMo。Brian Keene、Abdi Nazemian和,03-11 07:22:41,HK01,https://www.hk01.com/即時國際/999094/nvidia遭3名美國作家控侵權-指著作被用於訓練ai平台nemo
Ancient find reveals new evidence of Malaysia’s multicultural past,Archaeologists in northwest Malaysia find new evidence of the region’s role as a thriving multicultural trading hub.,03-11 07:21,AlJazeera,https://www.aljazeera.com//news/2024/3/10/ancient-find-reveals-new-evidence-of-malaysias-multicultural-past
"European states doubled arms imports in past five years, SIPRI says","European states imported almost double the amount of arms in 2019 to 2023 compared to 2014 to 2018, a leading conflict think-tank said on Monday, as Ukraine emerged as the largest European arms importer after the invasion by Russia in 2022.",03-11 07:05,Reuters,https://www.reuters.com/world/europe/european-states-doubled-arms-imports-past-five-years-sipri-says-2024-03-10/
泽连斯基宣布马克龙将很快访问乌克兰 尽管后者尚未宣布此行,,03-11 06:52,俄罗斯卫星通讯社,https://sputniknews.cn/20240311/1057580528.html
France's Macron postpones trip to Ukraine,"A visit by President Emmanuel Macron to Ukraine should take place in the coming weeks, the French Presidency said on Sunday, the third time a planned trip to the country has been postponed since February.",03-11 06:27,Reuters,https://www.reuters.com/world/europe/frances-macron-postpones-trip-ukraine-2024-03-10/
法国南部洪水导致3人死亡，4人失踪,,03-11 06:14,俄罗斯卫星通讯社,https://sputniknews.cn/20240311/1057580219.html
葡萄牙國會選舉 出口民調：中間偏右在野陣營領先,,03-11 06:13,中央社,https://www.cna.com.tw/news/aopl/202403110009.aspx
內塔尼亞胡反駁拜登批評 稱軍事行動獲以色列人民支持,以色列總理內塔尼亞胡（Benjamin Netanyahu）3月10日重申，將對加沙南部拉法（Rafah）發動攻勢，儘管美國總統拜登（Joe Biden）曾稱為「紅線」 。,03-11 05:59:50,HK01,https://www.hk01.com/即時國際/999093/內塔尼亞胡反駁拜登批評-稱軍事行動獲以色列人民支持
匈牙利总理：特朗普承诺他不会给乌克兰钱，冲突就将结束,,03-11 05:46,俄罗斯卫星通讯社,https://sputniknews.cn/20240311/1057580113.html
"Australia scraps 'nuisance' tariffs to remove red tape, lower living costs","Australia said on Monday it would remove import tariffs on a wide range of goods including toothbrushes, toasters, hand tools and clothing in a bid to eliminate red tape for businesses and bring relief to families battling higher living costs.",03-11 05:42,Reuters,https://www.reuters.com/world/asia-pacific/australia-scraps-nuisance-tariffs-remove-red-tape-lower-living-costs-2024-03-10/
Israel unveils revised Eurovision song after lyrics controversy,"Israel unveiled its revised submission for the Eurovision song contest on Sunday, after organisers took issue with the original entry's reference to the Oct. 7 Hamas onslaught.",03-11 05:10,Reuters,https://www.reuters.com/world/middle-east/israel-unveils-revised-eurovision-song-after-lyrics-controversy-2024-03-10/
舉20年前人蛇案例批拜登邊境政策 共和黨議員挨轟,,03-11 04:59,中央社,https://www.cna.com.tw/news/aopl/202403110008.aspx
消防部门：德黑兰一栋建筑爆炸造成1人死亡,,03-11 04:56,俄罗斯卫星通讯社,https://sputniknews.cn/20240311/1057579826.html
海地局勢惡化 美國派軍機撤走大使館非必要人員,海地處於緊急狀態之際，美國軍方3月10日表示，當日已派軍機從該國撤離非必要的使館人員，美軍同時加強使館保安。另外，加勒比海各國領袖呼籲11日在,03-11 04:48:17,HK01,https://www.hk01.com/即時國際/999075/海地局勢惡化-美國派軍機撤走大使館非必要人員
哈瑪斯領袖哈尼雅：談判齋戒月停火態度仍開放,,03-11 04:47,中央社,https://www.cna.com.tw/news/aopl/202403110007.aspx
媒体：英国一所监狱近200名囚犯因放射性气体而被转移,,03-11 04:45,俄罗斯卫星通讯社,https://sputniknews.cn/20240311/1057579723.html
Muslim countries announce start of Ramadan in shadow of Gaza war,"This year’s observance, for many, is marred by Israel’s war on Gaza.",03-11 04:41,AlJazeera,https://www.aljazeera.com//news/2024/3/10/ramadan-begins-for-1-8-billion-muslims-globally-shadowed-by-gaza-war
"Centre-right party ahead in Portugal election, exit polls show","Three polls show the right-leaning parties combined, including far-right Chega, could secure an outright majority.",03-11 04:14,AlJazeera,https://www.aljazeera.com//news/2024/3/10/portugals-centre-right-ahead-in-election-exit-polls-show
以军轰炸加沙多地至少63人死亡,据巴勒斯坦通讯社10日报道，以色列军队当天密集轰炸加沙地带多个地区，造成至少63人死亡。,03-11 04:06:08,新华网,https://www.news.cn/world/20240311/806ef785cc4e4bbaa63b3458f4ca7c5a/c.html
"Hamas chief blames Israel for stalled ceasefire talks, leaves door open","Hamas chief Ismail Haniyeh blamed Israel on Sunday for stalling ceasefire talks and rejecting Hamas's demand to end the war on Gaza, but said the group was still seeking a negotiated solution.",03-11 03:51,Reuters,https://www.reuters.com/world/middle-east/hamas-chief-blames-israel-stalled-ceasefire-talks-leaves-door-open-2024-03-10/
回應教宗「舉白旗論」 烏外長：永不投降 促教廷勿犯二戰錯誤,教宗方濟各（Pope Francis）2日受訪時呼籲，烏克蘭應需有舉白旗的勇氣，透過與俄羅斯談判來結束戰爭。烏克蘭外長庫列巴（Dmytro Kuleba）3月10日回,03-11 03:40:43,HK01,https://www.hk01.com/即時國際/999080/回應教宗-舉白旗論-烏外長-永不投降-促教廷勿犯二戰錯誤
美派兵太子港使館維安 多明尼加不歡迎海地總理,,03-11 03:38,中央社,https://www.cna.com.tw/news/aopl/202403110006.aspx
"Netanyahu says at least 13,000 'terrorists' among Palestinians killed","Israeli Prime Minister Benjamin Netanyahu said on Sunday that at least 13,000 ""terrorists"" were among Palestinians killed during Israel's war against Hamas in the Gaza Strip and vowed to press ahead with an offensive in the south of the enclave - a move U.S. President Joe Biden has described as his red line.",03-11 03:18,Reuters,https://www.reuters.com/world/middle-east/netanyahu-says-least-13000-terrorists-among-palestinians-killed-2024-03-10/
Ukraine rebuffs Pope Francis calling for talks with Russia,"Foreign minister Dmytro Kuleba, responding to the pope's call to show ""the courage of the white flag,"" said ""Our flag is a yellow and blue one,"" and told the Vatican to pay heed to its role in World War Two.",03-11 02:35,Reuters,https://www.reuters.com/world/europe/ukraine-minister-responding-pope-francis-says-kyiv-will-never-raise-white-flag-2024-03-10/
伊拉克军方打死4名“伊斯兰国”武装分子,伊拉克军方10日说，伊军方当天在伊拉克中部沙漠地带打死4名极端组织“伊斯兰国”武装分子。,03-11 02:20:09,新华网,https://www.news.cn/world/20240311/de236a1d3a9a49a5ac7af79104a80412/c.html
以色列總統荷蘭出席大屠殺博物館開幕式 親巴勒斯坦團體抗議,"以色列總統赫爾佐格（Isaac Herzog）3月10日在荷蘭阿姆斯特丹出席大屠殺博物館的開幕式，觸發親巴勒斯坦團體抗議。當地媒體報道，至少有1,000人參",03-11 02:12:20,HK01,https://www.hk01.com/即時國際/999064/以色列總統荷蘭出席大屠殺博物館開幕式-親巴勒斯坦團體抗議
Oscars 2024 updates: Oppenheimer sweeps the 96th Academy Awards,"Here are the updates for Sunday, March 10, 2024 as the 96th annual Academy Awards unfolded in Los Angeles, California.",03-11 02:03,AlJazeera,https://www.aljazeera.com//news/liveblog/2024/3/10/oscars-2024-live-oppenheimer-battles-barbie-poor-things-for-best-picture
"Macron backs 'end of life' bill, aims for parliament debate in May","President Emmanuel Macron said on Sunday for the first time that he backed new end-of-life legislation that would allow what he called ""help to die"" and wanted his government to put forward a draft bill to parliament in May.",03-11 01:58,Reuters,https://www.reuters.com/world/europe/macron-backs-end-life-bill-aims-parliament-debate-may-2024-03-10/
"US military airlifts some embassy personnel from Haiti, bolsters security",The US operation comes amid gang violence that threatens to bring down the government and has led thousands to flee.,03-11 01:49,AlJazeera,https://www.aljazeera.com//news/2024/3/10/us-military-airlifts-some-embassy-personnel-from-haiti-bolsters-security
Ukraine rejects pope’s call to ‘raise the white flag’ to end Russia’s war,"Catholic leader, 87, told Swiss broadcaster that Ukraine should negotiate with Russia and raised idea of surrender.",03-11 01:26,AlJazeera,https://www.aljazeera.com//news/2024/3/10/ukrainian-officials-reject-popes-call-to-raise-white-flag-with-russia
男開車撞白金漢宮大門被捕 不涉及恐怖主義,,03-11 01:18,中央社,https://www.cna.com.tw/news/aopl/202403110005.aspx
印尼暴雨引發洪水及山泥傾瀉 至少21死6人失蹤,印尼西蘇門答臘省連日暴雨，引發洪水及山泥傾瀉，迫使7.5萬人疏散，造成至少21人死亡、6人失蹤。 自上周四（7日）以來，省會巴東（Padang）和其他8,03-11 01:17:26,HK01,https://www.hk01.com/即時國際/999074/印尼暴雨引發洪水及山泥傾瀉-至少21死6人失蹤
Libyan leaders agree to form new unified government,"Three key Libyan leaders said on Sunday they had agreed on the ""necessity"" of forming a new unified government that would supervise long-delayed elections.",03-11 01:13,Reuters,https://www.reuters.com/world/middle-east/libyan-leaders-agree-form-new-unified-government-2024-03-10/
匈牙利举行新总统就职典礼,匈牙利当选总统舒尤克·道马什就职典礼10日在布达佩斯总统府山多尔宫前举行。,03-11 01:07:40,新华网,https://www.news.cn/world/20240311/caf67ceefaba4cf1bcb9ef4c1b778a1b/c.html
英國王室｜ 白金漢宮遭汽車撞閘 警拘司機料不涉恐怖主義,英國警方3月10日表示，位於倫敦市中心的白金漢宮9日凌晨遭人駕車撞閘，一名男子被捕，事件料不涉恐怖襲擊。白金漢宮表示，事發時沒有王室成員在內,03-11 00:45:20,HK01,https://www.hk01.com/即時國際/999071/英國王室-白金漢宮遭汽車撞閘-警拘司機料不涉恐怖主義
Sudan army general rules out Ramadan truce unless RSF leaves civilian sites,Sudan general rejects truce after UN Security Council calls for cessation of hostilities during the Islamic holy month.,03-11 00:44,AlJazeera,https://www.aljazeera.com//news/2024/3/10/sudan-army-general-rules-out-ramadan-truce-unless-rsf-leaves-civilian-sites
Protests over Israeli leader Herzog’s presence at Dutch Holocaust Museum,Thousands of protesters demonstrate in Amsterdam against Israel’s war on Gaza.,03-11 00:22,AlJazeera,https://www.aljazeera.com//news/2024/3/10/israeli-president-met-with-protests-at-dutch-holocaust-museum-opening
起重機被指特洛伊木馬 振華重工：不對任何港口構成網絡安全風險,中國重型設備製造商上海振華重工（ZPMC）3月10日發表公告表示，注意到美國政府最近基於美國港口的網絡安全顧慮所採取的行動，認真對待美方顧慮，強,03-11 00:01:48,HK01,https://www.hk01.com/即時國際/999051/起重機被指特洛伊木馬-振華重工-不對任何港口構成網絡安全風險
"Around the world, cinephiles say ‘meh’ to Hollywood’s Oscar nominees","Hollywood films entertain but don’t uplift, film scholars say.",03-10 23:34,AlJazeera,https://www.aljazeera.com//news/2024/3/10/around-the-world-cinephiles-say-meh-to-hollywoods-oscar-nominees
"Egypt in touch with Hamas and Israel in search of Gaza ceasefire deal, sources say","Egypt was in contact with senior Hamas and Israeli figures as well as other mediators on Sunday in an effort to restart negotiations for a truce in the Gaza Strip during the Muslim holy month of Ramadan, which begins on Monday or Tuesday, two Egyptian security sources said.",03-10 23:28,Reuters,https://www.reuters.com/world/middle-east/egypt-touch-with-hamas-israel-search-gaza-ceasefire-deal-sources-say-2024-03-10/
Ramadan Mubarak: Hear greetings in different languages,Here is how to wish someone Ramadan Mubarak in various languages around the world.,03-10 23:26,AlJazeera,https://www.aljazeera.com//news/2024/3/10/ramadan-mubarak-hear-greetings-in-different-languages
"Gaza aid ship waiting to sail from Cyprus as charity builds jetty, source says","A ship carrying tonnes of food for Gaza remained docked in a Cyprus port on Sunday as preparations were underway to launch a yet untested maritime aid route to the enclave, where the United Nations estimates a quarter of the population [USN:L2N3FJ212 TEXT:""faces starvation""].",03-10 23:19,Reuters,https://www.reuters.com/world/gaza-aid-ship-waiting-sail-cyprus-charity-builds-jetty-source-says-2024-03-10/
教宗建議舉白旗談判 烏克蘭外長：只會舉黃藍色國旗,,03-10 23:09,中央社,https://www.cna.com.tw/news/aopl/202403100206.aspx
共同社調查：岸田文雄內閣支持率再跌 自民黨支持度逾10年最低,共同社3月10日報道，日本首相岸田文雄率領的內閣，其支持率跌至20.1%，創出新低。執政自民黨支持率也屬自2012年12月重新執政以來最低。共同社3月9,03-10 23:05:52,HK01,https://www.hk01.com/即時國際/999056/共同社調查-岸田文雄內閣支持率再跌-自民黨支持度逾10年最低
土耳其抓获33名“伊斯兰国”相关嫌疑人,土耳其内政部长阿里·耶尔利卡亚10日说，土耳其警方在土耳其西北部萨卡里亚省抓获33名与极端组织“伊斯兰国”有关联的嫌疑人。,03-10 23:04:11,新华网,https://www.news.cn/world/20240310/a76872b593a44122ab8482a4c1a01a09/c.html
以巴戰爭｜美國官員措辭變化 賀錦麗：以色列人不等同以色列政府,最近，拜登（Joe Biden）政府官員對於以色列內塔尼亞胡（Benjamin Netanyahu）政府的措辭愈來愈嚴厲。當地時間3月8日，美國副總統賀錦麗（Kamala H,03-10 23:01:34,HK01,https://www.hk01.com/即時國際/999046/以巴戰爭-美國官員措辭變化-賀錦麗-以色列人不等同以色列政府
日本福島核電站周邊設更高強度網 防受污染魚游到外海,日媒3月10日報道，東京電力公司在日本福島第一核電站周邊設置更耐用的網，以避免在核電站港灣內棲息、含有高濃度放射性銫的魚游到外海。共同社10日,03-10 22:45:46,HK01,https://www.hk01.com/即時國際/999053/日本福島核電站周邊設更高強度網-防受污染魚游到外海
UK ‘terror’ attack survivors warn against equating Muslims with ‘extremism’,Group of survivors says such language fuels anti-Muslim sentiments in the UK.,03-10 22:38,AlJazeera,https://www.aljazeera.com//news/2024/3/10/uk-terror-attack-survivors-warn-against-equating-muslims-with-extremism
葡萄牙驻华大使：中国对推动世界经济复苏发挥积极作用,纳西门托很喜欢中国。,03-10 22:35:04,新华网,https://www.news.cn/world/20240310/d02fafd98f5b43caaa6020af691b66e0/c.html
中國詐騙集團長臂經營  留學生英國被騙700萬,,03-10 22:19,中央社,https://www.cna.com.tw/news/aopl/202403100200.aspx
巴基斯坦当选总统扎尔达里宣誓就职,巴基斯坦当选总统阿西夫·阿里·扎尔达里10日下午在巴首都伊斯兰堡总统府宣誓就职。,03-10 22:05:03,新华网,https://www.news.cn/world/20240310/1f1c8930c6d64b7eb824d82d2de83bb1/c.html
美媒：俄中數碼貨幣威脅美元霸權 比核武器更危險,俄衛網3月10日稱，美國《福布斯》雜誌援引多位經濟學家的觀點報道稱，以俄羅斯和中國為首的金磚國家試圖建立獨立於美元的數碼支付系統，這或比核武,03-10 22:02:20,HK01,https://www.hk01.com/即時國際/998937/美媒-俄中數碼貨幣威脅美元霸權-比核武器更危險
基輔稱俄國35架無人機遭擊落 飛彈造成烏東3死,,03-10 21:57,中央社,https://www.cna.com.tw/news/aopl/202403100198.aspx
穆斯林齋戒月前夕 以哈仍在加薩持續激戰,,03-10 21:48,中央社,https://www.cna.com.tw/news/aopl/202403100196.aspx
印度男3年半前遭火車撞斷雙臂 成功移植女手臂12小時手術接回,印度德里45歲男子Raj Kumar在2020年遇上意外，不幸遭火車撞斷雙臂，據印媒3月7日報道，他1月經歷12個小時移植手術後，成功接上一對女手臂。他的兒,03-10 21:33:20,HK01,https://www.hk01.com/即時國際/999038/印度男3年半前遭火車撞斷雙臂-成功移植女手臂12小時手術接回
韓國醫學院增招引反彈 醫師罷工揭露業界現實,,03-10 21:29,中央社,https://www.cna.com.tw/news/aopl/202403103001.aspx
拜登簽支出法案避免政府關門 軍事預算仍待協商,,03-10 21:27,中央社,https://www.cna.com.tw/news/aopl/202403100194.aspx
泰國生育率逐年下降 官員憂心60年後人口減半,,03-10 21:19,中央社,https://www.cna.com.tw/news/aopl/202403100193.aspx
美菲共同防禦對付北京？學者：美將大選不願生事,,03-10 21:16,中央社,https://www.cna.com.tw/news/aopl/202403100192.aspx
拜登、特朗普交锋佐治亚　相互炮轰争夺“摇摆州”,美国总统拜登和前总统特朗普9日各自在“摇摆州”佐治亚举行竞选集会，相互大肆攻击，拉开对决序幕，美国2024年总统选举的选战进入新阶段。,03-10 21:12:53,新华网,https://www.news.cn/world/20240310/3052e8e57c5d41f9adb3d8d3be3c4422/c.html
韓國2023年物業交易外國買家佔比創新高 中國大陸買家佔73%,俄衛網3月10日引述韓聯社同日稱，韓國法院登記訊息公開網站數據顯示，2023年外國人在韓置業並申請房屋所有權轉移登記超過1.5萬宗，佔整體置業登記,03-10 21:02:11,HK01,https://www.hk01.com/即時國際/998941/韓國2023年物業交易外國買家佔比創新高-中國大陸買家佔73
避免巴黎奧運期間罷工 法國政府發公務員獎金,,03-10 21:02,中央社,https://www.cna.com.tw/news/aopl/202403100190.aspx
俄烏戰爭｜李輝晤德國外交部國務秘書：支持適時召開和平會議,正訪問歐洲的中國政府歐亞事務特別代表李輝3月9日與德國外交部國務秘書巴格爾（Thomas Bagger）舉行會談，據中國外交部指，兩方就中德關係、烏克蘭,03-10 21:01:13,HK01,https://www.hk01.com/即時國際/999032/俄烏戰爭-李輝晤德國外交部國務秘書-支持適時召開和平會議
坦桑尼亞島民食海龜肉集體中毒 9死78留院 死者包括8兒童,非洲坦桑尼亞（Tanzania）桑給巴爾群島（Zanzibar archipelago）發生島民食海龜肉集體中毒事件，據當地官員指，9人死亡，78人留院。死者包括8名兒,03-10 21:00:07,HK01,https://www.hk01.com/即時國際/999034/坦桑尼亞島民食海龜肉集體中毒-9死78留院-死者包括8兒童
美索不達米亞古城旁蓋新教堂 伊拉克盼基督徒朝聖,,03-10 20:42,中央社,https://www.cna.com.tw/news/aopl/202403100186.aspx
本月第5次 美軍向加薩走廊空投援助物資,,03-10 20:42,中央社,https://www.cna.com.tw/news/aopl/202403100185.aspx
Central African bloc lifts Gabon sanctions,"The Economic Community of Central African States agreed to lift sanctions on Gabon on Saturday and reintegrate it into the regional bloc, six months after suspending its membership in response to a coup that ousted President Ali Bongo.",03-10 20:36,Reuters,https://www.reuters.com/world/africa/central-african-bloc-lifts-gabon-sanctions-2024-03-10/
俄羅斯控烏克蘭砲擊 導致俄邊境1女喪命,,03-10 20:29,中央社,https://www.cna.com.tw/news/aopl/202403100183.aspx
德里西藏村教育新生代保存傳統 力抗中國滅藏文化,,03-10 20:27,中央社,https://www.cna.com.tw/news/aopl/202403100182.aspx
Liverpool vs Manchester City 1-1: Premier League – as it happened,All our updates as Liverpool draw 1-1 Manchester City in football’s Premier League.,03-10 20:15,AlJazeera,https://www.aljazeera.com//sports/liveblog/2024/3/10/live-liverpool-vs-manchester-united-premier-league
"US military airlifts embassy personnel from Haiti, bolsters security","The U.S. military said on Sunday it has carried out an operation in Haiti to airlift non-essential embassy personnel from the country and added U.S. forces to bolster embassy security, as the Caribbean nation reels under a state of emergency.",03-10 20:13,Reuters,https://www.reuters.com/world/us-military-airlifts-embassy-personnel-haiti-bolsters-security-2024-03-10/
英國凱特王妃術後首度發布公開訊息 送母親節祝福,,03-10 20:10,中央社,https://www.cna.com.tw/news/aopl/202403100180.aspx
India signs $100bn free trade deal with European EFTA bloc,India to lift import tariffs for several industrial products from four-nation group in return for 15-year investment.,03-10 19:56,AlJazeera,https://www.aljazeera.com//news/2024/3/10/india-signs-100bn-free-trade-deal-with-european-efta-bloc
Senegal opposition coalition promises new currency and revamp of oil contracts,A Senegalese opposition coalition backed by popular firebrand Ousmane Sonko launched its presidential campaign platform on Saturday with promises to create a new national currency and renegotiate mining and energy contracts.,03-10 19:54,Reuters,https://www.reuters.com/world/africa/senegal-opposition-coalition-promises-new-currency-revamp-oil-contracts-2024-03-10/
歐洲議會選舉極右派聲勢大 川普2.0恐衝擊大西洋兩岸,,03-10 19:54,中央社,https://www.cna.com.tw/news/aopl/202403100178.aspx
特朗普2.0時代會怎樣？ 美國學者：更混亂 傳統盟友最可能受苦,美國大選篤定為現任總統拜登（Joe Biden）與前總統特朗普（Donald Trump）的對戰，依照民調走勢，特朗普回朝執政機會不低。杜克大學政治學與公共政,03-10 19:49:59,HK01,https://www.hk01.com/即時國際/999016/特朗普2-0時代會怎樣-美國學者-更混亂-傳統盟友最可能受苦
Swiss police search for six missing skiers near Matterhorn,Police in Switzerland's Valais canton on Sunday were searching for six people who went missing during a ski tour that departed from the Alpine town of Zermatt.,03-10 19:48,Reuters,https://www.reuters.com/world/europe/swiss-police-search-six-missing-skiers-near-matterhorn-2024-03-10/
Hezbollah fires rockets into Israel after deadly strikes,"Lebanese armed group says it launched dozens of rockets on Israeli village of Meron, after Israeli strikes killed five.",03-10 19:40,AlJazeera,https://www.aljazeera.com//news/2024/3/10/hezbollah-fires-rockets-into-israel-after-deadly-strikes
Google攜手環保基金會 以衛星追蹤石油業甲烷排放,,03-10 19:39,中央社,https://www.cna.com.tw/news/aopl/202403100175.aspx
美國兩任總統同赴佐治亞爭搶關鍵州 拜登：特朗普想當獨裁者,美國總統拜登（Joe Biden）和前總統特朗普（Donald Trump）美東時間3月9日同在大選關鍵州佐治亞州（Georgia）拉票，就年齡和移民等議題大打口水戰,03-10 19:34:49,HK01,https://www.hk01.com/即時國際/998996/美國兩任總統同赴佐治亞爭搶關鍵州-拜登-特朗普想當獨裁者
中歐班列1-2月累計開行2928列 同比增長9% 通達歐洲25國219城市,《北京商報》報道，2024年1至2月，中歐班列累計開行2928列，發送貨物31.7萬標箱，同比分別增長9%、10%。截至2024年2月底，中歐班列國內出發城市達1,03-10 19:30:57,HK01,https://www.hk01.com/即時中國/998979/中歐班列1-2月累計開行2928列-同比增長9-通達歐洲25國219城市
Palestinians prepare for Ramadan in the shadow of Gaza war,Palestinians prepared for Ramadan in a sombre mood with heightened security measures by Israeli police and the spectre of war and hunger in Gaza overshadowing the normally festive Muslim holy month as talks to secure a ceasefire stalled.,03-10 19:30,Reuters,https://www.reuters.com/world/middle-east/palestinians-prepare-ramadan-shadow-gaza-war-2024-03-10/
日本石川強震 居民展現平時訓練減少海嘯傷亡,,03-10 19:24,中央社,https://www.cna.com.tw/news/aopl/202403100173.aspx
西藏抗暴紀念日 流亡印度藏人要求中國歸還家園,,03-10 19:21,中央社,https://www.cna.com.tw/news/aopl/202403100172.aspx
Palestinians fear Israeli violence in Jerusalem during Ramadan,"As Palestinians prepare for Ramadan, many fear that Israeli authorities and far-right Israelis could provoke unrest.",03-10 19:20,AlJazeera,https://www.aljazeera.com//news/2024/3/10/palestinians-fear-israeli-violence-in-jerusalem-during-ramadan
以色列建成749號公路 將加沙地帶「一分為二」,據英國廣播公司（BBC）3月10日報道，根據衛星圖像顯示，以色列軍隊（IDF）完成修建一條從東至西橫貫加沙地帶北部的新公路。這計劃被稱為749號公路,03-10 19:01:26,HK01,https://www.hk01.com/即時國際/998988/以色列建成749號公路-將加沙地帶-一分為二
學者：菲美有共同防禦條約 但不意味南海立即開戰,,03-10 18:36,中央社,https://www.cna.com.tw/news/aopl/202403100160.aspx
以色列總統將赴荷蘭大屠殺紀念館開幕 挺巴團體擬抗議,,03-10 18:34,中央社,https://www.cna.com.tw/news/aopl/202403100159.aspx
美國男偏頭痛4個月 檢查驚見「腦內有蟲」 疑因愛吃它禍從口入,美國佛州一名52歲男子，歷經4個多月的偏頭痛情況沒有改善，就醫後發現男子的腦中有豬肉絛蟲（Taenia solium），確診神經囊蟲病（Neurocysticercosi,03-10 18:32:01,HK01,https://www.hk01.com/即時國際/998945/男子偏頭痛4個月-檢查驚見-腦內有蟲-疑因愛吃生煙肉中招
Oscars 2024: Atomic bomb movie 'Oppenheimer' crowned best picture,"""Oppenheimer,"" the blockbuster biopic about the race to build the first atomic bomb, claimed seven Academy Awards including the prestigious best picture trophy on Sunday as Hollywood celebrated a triumphant year in film.",03-10 18:28,Reuters,https://www.reuters.com/lifestyle/hollywood-heads-oscars-with-oppenheimer-odds-on-favorite-2024-03-10/
運送物資有新闢海上人道走廊 加沙苦於水淺無港口 難民等不了,在有以軍與巴勒斯坦極端組織哈馬斯持續交戰的加沙，以色列猛烈空襲本已導致傷亡慘重，同時有又發生空投救援物資擊中民眾導致傷亡的事件，如何安全地,03-10 18:03:38,HK01,https://www.hk01.com/即時國際/998956/運送物資有新闢海上人道走廊-加沙苦於水淺無港口-難民等不了
日本千葉近期地震頻繁 民眾急囤貨超市增庫存,,03-10 18:03,中央社,https://www.cna.com.tw/news/aopl/202403100152.aspx
黎巴嫩官媒：南部房屋遭以色列攻擊至少5死9傷,,03-10 17:50,中央社,https://www.cna.com.tw/news/aopl/202403100150.aspx
印度將宣布大選 選委會高階官員請辭獲准,,03-10 17:46,中央社,https://www.cna.com.tw/news/aopl/202403100147.aspx
"Kate, UK's Princess of Wales, issues first message since undergoing surgery","Kate, Britain's Princess of Wales, thanked the public on Sunday for their support in her first public message since undergoing abdominal surgery in January, posting a picture of herself with her three children.",03-10 17:43,Reuters,https://www.reuters.com/world/uk/kate-uks-princess-wales-issues-first-message-since-undergoing-surgery-2024-03-10/
韓國醫師罷工延燒 近3成醫學生有效申請休學,,03-10 17:36,中央社,https://www.cna.com.tw/news/aopl/202403100145.aspx
印尼土石流死亡數升至21人 另有6人失蹤,,03-10 17:14,中央社,https://www.cna.com.tw/news/aopl/202403100125.aspx
国际观察｜沙伊和解一周年 中东呼唤更多和平力量,,03-10 17:09:10,新华网,https://www.news.cn/world/20240310/d42cb847cb3e49f59d1f2411ae1947e8/c.html
譚德塞預警｢X疾病｣全球大流行 疾控局：將借鑒新冠經驗提前謀劃,全國兩會民生主題記者會於3月9日召開，國家疾病預防控制局局長王賀勝就「『X疾病』的爆發只是事件問題」問題回答記者提問，表示「由此引發的大流行,03-10 17:00:49,HK01,https://www.hk01.com/即時中國/998960/譚德塞預警-x疾病-全球大流行-疾控局-將借鑒新冠經驗提前謀劃
遏制中國晶片發展 傳美擬將長鑫存儲等6中企列黑名單,,03-10 16:52,中央社,https://www.cna.com.tw/news/aopl/202403100121.aspx
葡萄牙國會選舉登場 選民將決定左傾右傾,,03-10 16:50,中央社,https://www.cna.com.tw/news/aopl/202403100118.aspx
Key details of India's pact with four-nation European trade bloc,"India signed a free trade pact on Sunday with a group of European nations - Switzerland, Norway, Iceland and Liechtenstein - committing to reduce tariffs, while New Delhi receives $100 billion in investments over the next 15 years.",03-10 16:49,Reuters,https://www.reuters.com/world/key-details-indias-pact-with-four-nation-european-trade-bloc-2024-03-10/
印度稱發現人口販運網絡誘年輕人到俄羅斯打仗 路透社：至少2死,印度3月7日表示發現一個主要人口販運網絡，指這網絡以就業機會引誘年輕人到俄羅斯，然後強迫他們參與跟烏克蘭的戰爭。根據印度中央調查局（Central,03-10 16:36:07,HK01,https://www.hk01.com/即時國際/998966/印度稱發現人口販運網絡誘年輕人到俄羅斯打仗-路透社-至少2死
全球连线 | 以军轰炸加沙地带北部和南部至少38人死亡,　　据巴勒斯坦通讯社9日报道，以色列军队8日晚起密集轰炸加沙地带北部和南部多个地区，造成至少38人死亡。,03-10 16:16:33,新华网,https://www.news.cn/world/20240310/df82b613a60f4caca71d4db6d2a765e7/c.html
美国司法部就波音客机门塞掉落事故展开调查,据美国当地媒体9日报道，美国司法部正就今年初阿拉斯加航空公司一架波音客机门塞（内嵌式应急门）掉落事故展开调查。相关调查可能影响波音公司与司法部2021年签署的延期起诉协议如何执行。,03-10 16:15:58,新华网,https://www.news.cn/world/20240310/4ed6508cbdbe4dc0b4b1ebe8052885ea/c.html
海报｜走得通、行得稳——国际人士更加认同中国式现代化,,03-10 15:22:16,新华网,https://www.news.cn/world/20240310/ca3eced8019a4605896bfeab30d70636/c.html
菲律賓證實巴坦群島建港美國出資 距台不足200km「防台灣有事」,菲律賓巴坦群島省（Batanes，又譯巴丹群島）的省長卡伊科（Marilou Cayco）3月9日證實，正計劃於巴坦群島建設一個由美國資助的民用港口，一旦台灣,03-10 15:18:38,HK01,https://www.hk01.com/即時國際/998954/菲律賓證實巴坦群島建港美國出資-距台不足200km-防台灣有事
今年前两月我国共开行中欧班列2928列,记者10日从中国国家铁路集团有限公司获悉，今年1至2月，中欧班列累计开行2928列，发送货物31.7万标箱，同比分别增长9%、10%。截至2024年2月底，中欧班列国内出发城市达120个，通达欧洲25个国家219个城市。,03-10 15:16:17,新华网,https://www.news.cn/world/20240311/38ea043033604ab286b1fc522144c269/c.html
Iraq hopes to lure Christian pilgrims with new church in ancient Ur,The bell of a new church built near Iraq's ancient city of Ur chimed for the first time last week as part of a push to lure back pilgrims to a country that is home to one of the world's oldest Christian communities.,03-10 15:07,Reuters,https://www.reuters.com/world/middle-east/iraq-hopes-lure-christian-pilgrims-with-new-church-ancient-ur-2024-03-10/
“断捐”月余　瑞典恢复资助近东救济工程处,　　新华社北京3月10日电 瑞典政府9日宣布恢复资助联合国近东巴勒斯坦难民救济和工程处（近东救济工程处），首笔款项金额约2000万美元。,03-10 14:53:12,新华网,https://www.news.cn/world/20240310/4872b138fe444c1e92a0aa977f77e474/c.html
中國首兩月外貿亮點：與印度巴西增長顯著 BRICS彌補中歐下降,3月7日，中國海關發布了2024年頭兩個月中國的進出口數據。根據海關總署公佈數據顯示，按美元計價，前2個月，中國進出口總值9308.6億美元，增長5.5%,03-10 14:48:17,HK01,https://www.hk01.com/即時國際/998950/中國首兩月外貿亮點-與印度巴西增長顯著-brics彌補中歐下降
India says Europe trade group commits to $100-billion 15-year deal,"India will lift most import tariffs on industrial products from four European countries in return for investment of $100 billion over 15 years, its trade minister said, after an economic pact signed on Sunday that concluded nearly 16 years of negotiations.",03-10 14:10,Reuters,https://www.reuters.com/world/india-says-europe-trade-group-commits-100-bln-15-year-deal-2024-03-10/
科威特举办中国文化美食节,,03-10 14:01:14,新华网,https://www.news.cn/world/20240310/41f2617b664e4c9b9323c0b80ebe3b38/c.html
中国现代舞诗剧《诗忆东坡》在美国首演,,03-10 12:08:13,新华网,https://www.news.cn/world/20240310/ace247f9ee9f454090af9b7ec680cb84/c.html
两会世界眼丨中国式现代化的世界期待,,03-10 10:58:20,新华网,https://www.news.cn/world/20240310/3e3748eca60f45ec81f779a0a015f4d2/c.html
第三届欧洲英语区中文教学技能大赛总决赛在伦敦举行,,03-10 10:22:21,新华网,https://www.news.cn/world/20240310/1ffac0fc01c1478385942e0d1ab2e7d9/c.html
外眼看两会|深耕中国市场 外企对华发展充满信心,策划：刘加文执行策划：杨定都 吴晔 董小娇统筹： 田明记者：有之炘、孙青、李海伟、张梦洁编辑：郝斐然、陈妍言、邱自立、郭凯敏、赵琳后期制作：王硕视觉设计：魏欣悦。,03-10 10:16:47,新华网,https://www.news.cn/world/20240310/d52b8c8b7f87412ea18c1abecedf8fc6/c.html
习近平向巴基斯坦新任总统扎尔达里致贺电,,03-10 09:22:57,新华网,https://www.news.cn/world/20240310/56ec98c4dd8547d3bc4f91f53f3e1f3c/c.html
新华社快讯：国家主席习近平致电阿西夫·扎尔达里 祝贺他当选巴基斯坦总统,新华社快讯：3月10日，国家主席习近平致电阿西夫·扎尔达里，祝贺他当选巴基斯坦总统。,03-10 09:13:34,新华网,https://www.news.cn/world/20240310/e6f5ca12815244a498910bdf722d216e/c.html
Portugal's conservatives win election as far-right surges,"Portugal's centre-right Democratic Alliance (AD) won Sunday's general election, its leader Luis Montenegro said, though it was unclear if he could govern without the support from far-right Chega, with whom he again refused to negotiate.",03-10 08:12,Reuters,https://www.reuters.com/world/europe/portuguese-head-polls-right-left-seen-almost-evenly-matched-2024-03-10/
以军空袭加沙中部至少18人死亡,据巴勒斯坦电视台9日报道，以色列军队当天空袭加沙地带中部多处住宅，造成至少18人死亡。,03-10 06:02:45,新华网,https://www.news.cn/world/20240310/a89599799d4b49e68dee6f46c4e23ccb/c.html
叙利亚东部发生触雷事件致6人死亡,叙利亚通讯社9日报道，叙东部代尔祖尔省发生一起触雷事件，造成6人死亡、2人重伤。,03-10 06:01:03,新华网,https://www.news.cn/world/20240310/c063d30c130141d2a725818c6253e972/c.html
伊拉克军方打死6名“伊斯兰国”武装分子,伊拉克军方9日说，伊空军当天在北部萨拉赫丁省和尼尼微省交界的沙漠地带发动空袭，打死6名极端组织“伊斯兰国”武装分子。,03-10 06:00:27,新华网,https://www.news.cn/world/20240310/60907b707d0d4670af6b96764dcc597b/c.html
Pope says Ukraine should have 'courage of the white flag' of negotiations,Francis made his comments in an interview recorded last month with Swiss broadcaster RSI. It is due to be broadcast on March 20.,03-10 00:19,Reuters,https://www.reuters.com/world/europe/pope-says-ukraine-should-have-courage-white-flag-negotiations-2024-03-09/
扎尔达里第二次当选巴基斯坦总统,巴基斯坦9日举行新一届总统选举，人民党联合主席阿西夫·阿里·扎尔达里当选。这是扎尔达里第二次当选巴总统。,03-09 23:52:41,新华网,https://www.news.cn/world/20240309/4ae4cd27eaf1417cb68cec447d372d89/c.html
MiaoVlogs | 驻华记者怎么看中国外交？,　　外国媒体的驻华记者，堪称“中国观察员”。,03-09 21:56:58,新华网,https://www.news.cn/world/20240309/bb71d8752d0843cfa1c266ea1dcfe282/c.html
以军轰炸加沙地带北部和南部至少38人死亡,,03-09 21:51:43,新华网,https://www.news.cn/world/20240309/b2e9e7e2547044459538c2391c2ea8e2/c.html
全球连线｜“百年口岸”绥芬河持续优化服务 中欧班列跑出“加速度”,绥芬河市地处黑龙江省东南部，是中欧班列“东通道”重要口岸之一。随着共建“一带一路”不断深入，经绥芬河口岸开行的中欧班列数量稳步增长，出入境货物品类持续增多，品牌质量快速提升。,03-09 20:32:13,新华网,https://www.news.cn/world/20240309/4b7c5196926243fdaa691ae2dc3c7ad8/c.html
也门胡塞武装在红海附近水域袭击货轮和美国军舰,,03-09 20:09:08,新华网,https://www.news.cn/world/20240309/25d865eb460940bd8e62921be862ea6a/c.html
期待新时代的中欧关系“一路绿灯，畅通无阻”,"""中国式现代化和欧洲一体化是中欧各自着眼未来作出的战略选择，双方应相互尊重、相互支持，以更深入、更广泛合作拉紧中欧利益共同体的纽带，实现开放发展、互利共赢。""",03-09 18:56:02,新华网,https://www.news.cn/world/20240309/99e9cadc05e6403888fa3092703b3e6f/c.html
美国“西南偏南”大会聚焦科技与艺术多元创新,美国“西南偏南”大会和艺术节8日在得克萨斯州首府奥斯汀拉开帷幕，相关活动聚焦科技与艺术相结合的多元创新，包括人工智能、太空探索、医疗保健和无人驾驶等领域的新技术和新趋势。,03-09 18:25:28,新华网,https://www.news.cn/world/20240309/b238e70ccc4b43fab9e374c132a33be4/c.html
华为在突尼斯举办信息与通信技术比赛,,03-09 18:12:39,新华网,https://www.news.cn/world/20240309/917dbb40468243889bfaaa6d29c6f472/c.html
中非智库论坛共话构建人类命运共同体,,03-09 15:53:04,新华网,https://www.news.cn/world/20240309/fe5665c861ca4cb8a9a5b628e51b898c/c.html
海地总统府附近爆发大规模枪战 ,,03-09 15:39:38,新华网,https://www.news.cn/world/20240309/c1e6f8e5ad96446984297104ca79fcbe/c.html
美国宝尔博物馆举办大型亚洲漫画艺术展,,03-09 15:26:12,新华网,https://www.news.cn/world/20240309/2bb457dd55f34c04bbe2066b50131a52/c.html
以军轰炸加沙南部和中部至少29人死亡,据巴勒斯坦电视台8日报道，以色列军队当天密集轰炸加沙地带南部和中部多个地区，造成至少29人死亡。,03-09 15:17:26,新华网,https://www.news.cn/world/20240309/da7f956aed3347218af4ae85e948c159/c.html
中方敦促苏丹冲突方在斋月期间停火止战,联合国安理会8日通过第2724号决议，敦促苏丹冲突方在斋月期间停止敌对行动。,03-09 15:17:16,新华网,https://www.news.cn/world/20240309/a789c9da369c4b6a9f95aada7b626152/c.html
美国国会通过2024财年部分拨款法案,美国国会8日通过2024财年六项拨款法案，为部分联邦政府部门提供运转至9月底的资金，避免此前通过的临时拨款法案资金8日到期而造成政府部门“停摆”。,03-09 15:01:40,新华网,https://www.news.cn/world/20240309/9ddd7f5d0dfa4b998173630ae8db7a6e/c.html
埃尔多安：土耳其愿为举办乌俄参加的峰会提供场地,,03-09 14:34:09,新华网,https://www.news.cn/world/20240309/2f1fe4e537b345aebdd93681dc985f3d/c.html
6岁老挝地贫患儿在广西“重获新生”,,03-09 14:23:41,新华网,https://www.news.cn/world/20240309/d14b141e401c45619e6ecda99dfb9303/c.html
联合国秘书长启动提升妇女和女孩权利的全球计划,联合国秘书长古特雷斯8日启动了一项旨在提升妇女和女孩权利的全球计划。该计划致力于把妇女和女孩的需求和利益置于联合国工作的核心优先位置，并通过支持政策制定、增加领导岗位女性比例等措施，推进性别平等和女性赋权。,03-09 13:11:55,新华网,https://www.news.cn/world/20240309/97ad99eaf79549278c25d9ec58ff1c76/c.html
中国医疗队向圭亚那捐赠宫颈癌筛查医疗物资,乔治敦消息：8日，中国（江苏）第19期援圭亚那医疗队与圭亚那卫生部在乔治敦公立医院举行宫颈癌HPV筛查医疗物资捐赠仪式。此批医疗物资拟用于在圭全国范围内开展宫颈癌HPV筛查工作。,03-09 12:48:56,新华网,https://www.news.cn/world/20240309/5ead840716bb4ce0a7c91beed43e3d04/c.html
中方呼吁俄乌加强直接接触和对话,中国常驻联合国副代表耿爽8日在安理会紧急审议乌克兰问题时发言，呼吁当事方加强直接接触和对话，共同探索可行的解决出路。,03-09 12:48:51,新华网,https://www.news.cn/world/20240309/4e2102c74ae84f4cbb61fbb020250218/c.html
通往加沙的海上人道主义走廊有望近日开放,,03-09 11:17:43,新华网,https://www.news.cn/world/20240309/291c7af4492b418aa7f7f99df48a9076/c.html
乌军前总司令将出任驻英国大使,,03-09 11:17:40,新华网,https://www.news.cn/world/20240309/5713565b44da4abfab9446da75811f04/c.html
欧盟计划未来两月向乌克兰提供60亿欧元援助,,03-09 10:55:51,新华网,https://www.news.cn/world/20240309/37263f577e214709bb7f3da55a0868b5/c.html
国际舆论从全国两会看“机遇中国”,"""从国际舆论反应看，经济引擎、科技创新、能源转型、共建“一带一路”和对外开放等领域的“机遇中国”声音更集中、反响更热烈，对中国与世界未来发展的影响也更加突出。""",03-09 10:40:42,新华网,https://www.news.cn/world/20240309/dcef015bd90f49cfa42fa03aa7673104/c.html
海报 | 多国人士点赞中国特色大国外交,全国两会持续吸引世界目光。中国作为负责任的大国不断为变乱交织的世界增添确定性和正能量，中国特色大国外交不仅是代表委员的热议话题，也受到国际社会的高度评价。,03-09 10:31:04,新华网,https://www.news.cn/world/20240309/b6f82dd93ec842dda41cc763e0ead6b2/c.html
一渔船在韩国附近海域倾覆7人失踪,,03-09 10:22:22,新华网,https://www.news.cn/world/20240309/ce483d63e93e4b3d86ec1b31d7a783fe/c.html
海地总统府附近爆发大规模枪战,,03-09 09:44:41,新华网,https://www.news.cn/world/20240309/a536c9bebc5b4c7abad3698a2e662eff/c.html
外眼看两会丨瑞士人祖睿甫：在创新产业园感受中国扩大开放脚步,,03-09 09:31:40,新华网,https://www.news.cn/world/20240309/ca2b2257369247fe90dd2cafa6a1e487/c.html
苏丹政府就实现斋月停火提出4项要求,,03-09 07:26:03,新华网,https://www.news.cn/world/20240309/e86a5482417646538321d8b9b19dcae8/c.html
加沙北部援助物资空投失误造成至少5人死亡,巴勒斯坦伊斯兰抵抗运动（哈马斯）媒体办公室8日发表声明说，当天空投到加沙地带北部的多个救援箱因降落伞未能及时打开，高速落地击中当地住宅和平民，造成至少5人死亡。,03-09 07:03:40,新华网,https://www.news.cn/world/20240309/6d21646760cc4380bf5b1b1cfc92962d/c.html
美国2月失业率升至3.9%,美国劳工部8日公布的数据显示，今年2月美国失业率环比增长0.2个百分点至3.9%，非农业部门新增就业人数为27.5万。,03-09 05:37:29,新华网,https://www.news.cn/world/20240309/c08141a66b44454cb3d39785dad39dfa/c.html
纽约股市三大股指8日下跌,纽约股市三大股指8日下跌。,03-09 05:36:53,新华网,https://www.news.cn/world/20240309/b2ee48fad03d43e1b54426068f2ffc4b/c.html
国际油价8日下跌,国际油价8日下跌。,03-09 04:21:24,新华网,https://www.news.cn/world/20240309/19ab352e62554026b49232d65065d000/c.html
纽约金价8日上涨,纽约商品交易所黄金期货市场交投最活跃的4月黄金期价8日上涨20.3美元，收于每盎司2185.5美元，涨幅为0.94%。,03-09 04:20:15,新华网,https://www.news.cn/world/20240309/898d6bebfffa4314be7106c597b55192/c.html
美元指数8日下跌,美元指数8日下跌。,03-09 04:14:06,新华网,https://www.news.cn/world/20240309/941afe3d0fdb402286c08aa4c6000233/c.html
拉脱维亚对俄白农产品的进口禁令8日起执行,据拉脱维亚通讯社报道，拉脱维亚对俄罗斯和白俄罗斯部分农产品和饲料产品的进口禁令8日起正式执行。,03-09 04:11:51,新华网,https://www.news.cn/world/20240309/5befaa32a06249b983a7747d25ea3959/c.html
